State,District,Market,Commodity,Variety,Grade,Arrival_Date,Min_Price,Max_Price,Modal_Price,Commodity_Code
Maharashtra,Mumbai,Vashi New Mumbai,Onion,Other,FAQ,04/07/2024,2500,3100,2800,23
Maharashtra,Mumbai,Vashi New Mumbai,Onion,Other,FAQ,06/07/2024,2400,3100,2750,23
Maharashtra,Mumbai,Vashi New Mumbai,Onion,Other,FAQ,09/07/2024,2400,3100,2750,23
Maharashtra,Mumbai,Vashi New Mumbai,Onion,Other,FAQ,12/07/2024,2400,3100,2750,23
Maharashtra,Mumbai,Vashi New Mumbai,Onion,Other,FAQ,13/07/2024,2400,3000,2700,23
Maharashtra,Mumbai,Vashi New Mumbai,Onion,Other,FAQ,13/08/2024,2900,3500,3200,23
Maharashtra,Mumbai,Vashi New Mumbai,Onion,Other,FAQ,17/08/2024,2800,3500,3150,23
Maharashtra,Mumbai,Vashi New Mumbai,Onion,Other,FAQ,26/08/2024,3300,3900,3600,23
Maharashtra,Mumbai,Vashi New Mumbai,Onion,Other,FAQ,18/06/2024,2300,3100,2700,23
Maharashtra,Mumbai,Vashi New Mumbai,Onion,Other,FAQ,08/05/2024,1500,2300,1900,23
Maharashtra,Mumbai,Vashi New Mumbai,Onion,Other,FAQ,13/05/2024,1300,1900,1600,23
Maharashtra,Mumbai,Vashi New Mumbai,Onion,Other,FAQ,17/05/2024,1400,2000,1700,23
Maharashtra,Mumbai,Vashi New Mumbai,Onion,Other,FAQ,17/01/2024,1500,2200,1850,23
Maharashtra,Mumbai,Vashi New Mumbai,Onion,Other,FAQ,18/01/2024,1500,2200,1850,23
Maharashtra,Mumbai,Vashi New Mumbai,Onion,Other,FAQ,22/01/2024,1500,2100,1800,23
Maharashtra,Mumbai,Vashi New Mumbai,Onion,Other,FAQ,24/01/2024,1500,2000,1750,23
Maharashtra,Mumbai,Vashi New Mumbai,Onion,Other,FAQ,30/01/2024,900,1500,1200,23
Maharashtra,Mumbai,Vashi New Mumbai,Onion,Other,FAQ,05/02/2024,1000,1700,1350,23
Maharashtra,Mumbai,Vashi New Mumbai,Onion,Other,FAQ,16/02/2024,1000,1600,1300,23
Maharashtra,Mumbai,Vashi New Mumbai,Onion,Other,FAQ,20/02/2024,1500,2200,1850,23
Maharashtra,Mumbai,Vashi New Mumbai,Onion,Other,FAQ,22/02/2024,1400,1900,1650,23
Maharashtra,Mumbai,Vashi New Mumbai,Onion,Other,FAQ,28/02/2024,1600,2200,1900,23
Maharashtra,Mumbai,Vashi New Mumbai,Onion,Other,FAQ,07/03/2024,1400,2000,1700,23
Maharashtra,Mumbai,Vashi New Mumbai,Onion,Other,FAQ,09/03/2024,1300,1800,1550,23
Maharashtra,Mumbai,Vashi New Mumbai,Onion,Other,FAQ,15/03/2024,1100,1600,1350,23
Maharashtra,Mumbai,Vashi New Mumbai,Onion,Other,FAQ,16/03/2024,1100,1600,1350,23
Maharashtra,Mumbai,Vashi New Mumbai,Onion,Other,FAQ,19/03/2024,1100,1600,1350,23
Maharashtra,Mumbai,Vashi New Mumbai,Onion,Other,FAQ,08/04/2024,1200,1700,1450,23
Maharashtra,Mumbai,Vashi New Mumbai,Onion,Other,FAQ,09/01/2025,1000,3100,2050,23
Maharashtra,Mumbai,Vashi New Mumbai,Onion,Other,FAQ,23/01/2025,1200,3200,2200,23
Maharashtra,Mumbai,Vashi New Mumbai,Onion,Other,Local,25/01/2025,1000,3000,2000,23
Maharashtra,Mumbai,Vashi New Mumbai,Onion,Other,FAQ,03/09/2024,3600,4500,4050,23
Maharashtra,Mumbai,Vashi New Mumbai,Onion,Other,FAQ,04/09/2024,3400,4200,3800,23
Maharashtra,Mumbai,Vashi New Mumbai,Onion,Other,FAQ,06/09/2024,3400,4200,3800,23
Maharashtra,Mumbai,Vashi New Mumbai,Onion,Other,FAQ,07/09/2024,3400,4200,3800,23
Maharashtra,Mumbai,Vashi New Mumbai,Onion,Other,FAQ,09/09/2024,3500,4300,3900,23
Maharashtra,Mumbai,Vashi New Mumbai,Onion,Other,FAQ,10/09/2024,3600,4300,3950,23
Maharashtra,Mumbai,Vashi New Mumbai,Onion,Other,FAQ,11/09/2024,3500,4200,3850,23
Maharashtra,Mumbai,Vashi New Mumbai,Onion,Other,FAQ,20/09/2024,3900,4700,4300,23
Maharashtra,Mumbai,Vashi New Mumbai,Onion,Other,FAQ,23/09/2024,4200,5200,4700,23
Maharashtra,Mumbai,Vashi New Mumbai,Onion,Other,FAQ,28/09/2024,3900,4900,4400,23
Maharashtra,Mumbai,Vashi New Mumbai,Onion,Other,Local,03/03/2025,1300,2700,2000,23
Maharashtra,Mumbai,Vashi New Mumbai,Onion,Other,Local,07/03/2025,1200,2500,1850,23
Maharashtra,Mumbai,Vashi New Mumbai,Onion,Other,Local,10/03/2025,1000,2100,1550,23
Maharashtra,Mumbai,Vashi New Mumbai,Onion,Other,Local,15/03/2025,1000,2000,1500,23
Maharashtra,Mumbai,Vashi New Mumbai,Onion,Other,Local,28/03/2025,900,1800,1350,23
Maharashtra,Mumbai,Vashi New Mumbai,Onion,Other,Local,24/03/2025,1000,2000,1500,23
Maharashtra,Mumbai,Vashi New Mumbai,Onion,Other,FAQ,02/12/2024,1500,5000,3250,23
Maharashtra,Mumbai,Vashi New Mumbai,Onion,Other,FAQ,11/12/2024,1000,5100,3050,23
Maharashtra,Mumbai,Vashi New Mumbai,Onion,Other,FAQ,19/12/2024,500,2800,1650,23
Maharashtra,Mumbai,Vashi New Mumbai,Onion,Other,FAQ,20/12/2024,500,2500,1500,23
Maharashtra,Mumbai,Vashi New Mumbai,Onion,Other,FAQ,26/12/2024,500,2800,1650,23
Maharashtra,Mumbai,Vashi New Mumbai,Onion,Other,FAQ,03/01/2023,1400,2300,1850,23
Maharashtra,Mumbai,Vashi New Mumbai,Onion,Other,FAQ,04/01/2023,1300,2200,1750,23
Maharashtra,Mumbai,Vashi New Mumbai,Onion,Other,FAQ,25/01/2023,1200,2100,1650,23
Maharashtra,Mumbai,Vashi New Mumbai,Onion,Other,FAQ,07/02/2023,800,1400,1100,23
Maharashtra,Mumbai,Vashi New Mumbai,Onion,Other,FAQ,10/02/2023,900,1300,1100,23
Maharashtra,Mumbai,Vashi New Mumbai,Onion,Other,FAQ,16/02/2023,700,1300,1000,23
Maharashtra,Mumbai,Vashi New Mumbai,Onion,Other,FAQ,17/02/2023,700,1200,950,23
Maharashtra,Mumbai,Vashi New Mumbai,Onion,Other,FAQ,28/02/2023,600,1200,900,23
Maharashtra,Mumbai,Vashi New Mumbai,Onion,Other,FAQ,01/03/2023,600,1200,900,23
Maharashtra,Mumbai,Vashi New Mumbai,Onion,Other,FAQ,06/03/2023,700,1300,1000,23
Maharashtra,Mumbai,Vashi New Mumbai,Onion,Other,FAQ,11/03/2023,800,1400,1100,23
Maharashtra,Mumbai,Vashi New Mumbai,Onion,Other,FAQ,15/03/2023,800,1300,1050,23
Maharashtra,Mumbai,Vashi New Mumbai,Onion,Other,FAQ,18/03/2023,800,1200,1000,23
Maharashtra,Mumbai,Vashi New Mumbai,Onion,Other,FAQ,11/04/2023,600,1100,850,23
Maharashtra,Mumbai,Vashi New Mumbai,Onion,Other,FAQ,21/04/2023,600,1100,850,23
Maharashtra,Mumbai,Vashi New Mumbai,Onion,Other,FAQ,06/05/2023,500,1000,750,23
Maharashtra,Mumbai,Vashi New Mumbai,Onion,Other,FAQ,18/05/2023,400,1100,750,23
Maharashtra,Mumbai,Vashi New Mumbai,Onion,Other,FAQ,24/05/2023,500,1000,750,23
Maharashtra,Mumbai,Vashi New Mumbai,Onion,Other,FAQ,30/05/2023,500,1200,850,23
Maharashtra,Mumbai,Vashi New Mumbai,Onion,Other,FAQ,01/06/2023,500,1300,900,23
Maharashtra,Mumbai,Vashi New Mumbai,Onion,Other,FAQ,08/06/2023,900,1500,1200,23
Maharashtra,Mumbai,Vashi New Mumbai,Onion,Other,FAQ,10/06/2023,600,1400,1000,23
Maharashtra,Mumbai,Vashi New Mumbai,Onion,Other,FAQ,13/06/2023,500,1300,900,23
Maharashtra,Mumbai,Vashi New Mumbai,Onion,Other,FAQ,15/06/2023,700,1400,1050,23
Maharashtra,Mumbai,Vashi New Mumbai,Onion,Other,FAQ,28/06/2023,900,1700,1300,23
Maharashtra,Mumbai,Vashi New Mumbai,Onion,Other,FAQ,30/06/2023,900,1700,1300,23
Maharashtra,Mumbai,Vashi New Mumbai,Onion,Other,FAQ,03/07/2023,1000,1800,1400,23
Maharashtra,Mumbai,Vashi New Mumbai,Onion,Other,FAQ,06/07/2023,1100,1700,1400,23
Maharashtra,Mumbai,Vashi New Mumbai,Onion,Other,FAQ,08/07/2023,1100,1800,1450,23
Maharashtra,Mumbai,Vashi New Mumbai,Onion,Other,FAQ,17/07/2023,1000,1700,1350,23
Maharashtra,Mumbai,Vashi New Mumbai,Onion,Other,FAQ,26/07/2023,1000,1700,1350,23
Maharashtra,Mumbai,Vashi New Mumbai,Onion,Other,FAQ,02/08/2023,1000,1700,1350,23
Maharashtra,Mumbai,Vashi New Mumbai,Onion,Other,FAQ,04/08/2023,1000,1700,1350,23
Maharashtra,Mumbai,Vashi New Mumbai,Onion,Other,FAQ,07/08/2023,1300,2000,1650,23
Maharashtra,Mumbai,Vashi New Mumbai,Onion,Other,FAQ,12/08/2023,1000,2400,1700,23
Maharashtra,Mumbai,Vashi New Mumbai,Onion,Other,FAQ,14/08/2023,1000,2500,1750,23
Maharashtra,Mumbai,Vashi New Mumbai,Onion,Other,FAQ,17/08/2023,900,2400,1650,23
Maharashtra,Mumbai,Vashi New Mumbai,Onion,Other,FAQ,19/08/2023,900,2300,1600,23
Maharashtra,Mumbai,Vashi New Mumbai,Onion,Other,FAQ,28/08/2023,900,2300,1600,23
Maharashtra,Mumbai,Vashi New Mumbai,Onion,Other,FAQ,30/08/2023,900,2200,1550,23
Maharashtra,Mumbai,Vashi New Mumbai,Onion,Other,FAQ,01/09/2023,1000,2300,1650,23
Maharashtra,Mumbai,Vashi New Mumbai,Onion,Other,FAQ,09/09/2023,1000,2300,1650,23
Maharashtra,Mumbai,Vashi New Mumbai,Onion,Other,FAQ,11/09/2023,1000,2400,1700,23
Maharashtra,Mumbai,Vashi New Mumbai,Onion,Other,FAQ,04/10/2023,1000,2400,1700,23
Maharashtra,Mumbai,Vashi New Mumbai,Onion,Other,FAQ,06/10/2023,1000,2500,1750,23
Maharashtra,Mumbai,Vashi New Mumbai,Onion,Other,FAQ,11/10/2023,1000,2600,1800,23
Maharashtra,Mumbai,Vashi New Mumbai,Onion,Other,FAQ,12/10/2023,1100,2700,1900,23
Maharashtra,Mumbai,Vashi New Mumbai,Onion,Other,FAQ,31/10/2023,3000,5400,4200,23
Maharashtra,Mumbai,Vashi New Mumbai,Onion,Other,FAQ,22/11/2023,2800,3800,3300,23
Maharashtra,Mumbai,Vashi New Mumbai,Onion,Other,FAQ,04/12/2023,3000,4500,3750,23
Maharashtra,Mumbai,Vashi New Mumbai,Onion,Other,Local,03/02/2025,1000,2700,1850,23
Maharashtra,Mumbai,Vashi New Mumbai,Onion,Other,Local,05/02/2025,1100,2800,1950,23
Maharashtra,Mumbai,Vashi New Mumbai,Onion,Other,Local,06/02/2025,1100,2800,1950,23
Maharashtra,Mumbai,Vashi New Mumbai,Onion,Other,Local,13/02/2025,1500,3300,2400,23
Maharashtra,Mumbai,Vashi New Mumbai,Onion,Other,Local,04/06/2025,700,1600,1150,23
Maharashtra,Mumbai,Vashi New Mumbai,Onion,Other,Local,11/06/2025,1000,2000,1500,23
Maharashtra,Mumbai,Vashi New Mumbai,Onion,Other,Local,12/06/2025,1200,2100,1650,23
Maharashtra,Mumbai,Vashi New Mumbai,Onion,Other,Local,14/06/2025,1000,2000,1500,23
Maharashtra,Mumbai,Vashi New Mumbai,Onion,Other,Local,23/06/2025,1100,1700,1400,23
Maharashtra,Mumbai,Vashi New Mumbai,Onion,Other,Local,24/06/2025,1100,2100,1600,23
Maharashtra,Mumbai,Vashi New Mumbai,Onion,Other,Local,12/07/2025,1100,1800,1450,23
Maharashtra,Mumbai,Vashi New Mumbai,Onion,Other,Local,14/07/2025,1000,1700,1350,23
Maharashtra,Mumbai,Vashi New Mumbai,Onion,Other,Local,17/07/2025,1000,1700,1350,23
Maharashtra,Mumbai,Vashi New Mumbai,Onion,Other,Local,23/07/2025,900,1700,1300,23
Maharashtra,Mumbai,Vashi New Mumbai,Onion,Other,Local,25/07/2025,900,1700,1300,23
Maharashtra,Mumbai,Vashi New Mumbai,Onion,Other,Local,30/07/2025,1000,1800,1400,23
Maharashtra,Mumbai,Vashi New Mumbai,Onion,Other,Local,01/04/2025,900,1700,1300,23
Maharashtra,Mumbai,Vashi New Mumbai,Onion,Other,Local,03/04/2025,1000,1800,1400,23
Maharashtra,Mumbai,Vashi New Mumbai,Onion,Other,Local,08/04/2025,1000,1700,1350,23
Maharashtra,Mumbai,Vashi New Mumbai,Onion,Other,Local,09/04/2025,900,1600,1250,23
Maharashtra,Mumbai,Vashi New Mumbai,Onion,Other,Local,15/04/2025,800,1500,1150,23
Maharashtra,Mumbai,Vashi New Mumbai,Onion,Other,Local,17/04/2025,800,1500,1150,23
Maharashtra,Mumbai,Vashi New Mumbai,Onion,Other,Local,19/04/2025,700,1400,1050,23
Maharashtra,Mumbai,Vashi New Mumbai,Onion,Other,Local,29/04/2025,800,1600,1200,23
Maharashtra,Mumbai,Vashi New Mumbai,Onion,Other,Local,30/04/2025,700,1500,1100,23
Maharashtra,Mumbai,Vashi New Mumbai,Onion,Other,FAQ,29/10/2024,2000,4700,3350,23
Maharashtra,Mumbai,Vashi New Mumbai,Onion,Other,FAQ,22/10/2024,2000,4700,3350,23
Maharashtra,Mumbai,Vashi New Mumbai,Onion,Other,FAQ,16/10/2024,2000,4500,3250,23
Maharashtra,Mumbai,Vashi New Mumbai,Onion,Other,FAQ,19/10/2024,2000,4600,3300,23
Maharashtra,Mumbai,Vashi New Mumbai,Onion,Other,FAQ,02/11/2024,1600,4900,3250,23
Maharashtra,Mumbai,Vashi New Mumbai,Onion,Other,FAQ,12/11/2024,3000,6000,4500,23
Maharashtra,Mumbai,Vashi New Mumbai,Onion,Other,FAQ,26/11/2024,2800,5800,4300,23
Maharashtra,Mumbai,Vashi New Mumbai,Onion,Other,FAQ,07/11/2024,3000,6000,4500,23
Maharashtra,Mumbai,Vashi New Mumbai,Onion,Other,FAQ,23/11/2024,3000,6000,4500,23
Maharashtra,Mumbai,Vashi New Mumbai,Onion,Other,FAQ,28/11/2024,1500,5000,3250,23
Maharashtra,Mumbai,Vashi New Mumbai,Onion,Other,FAQ,18/11/2024,2000,5700,3850,23
Maharashtra,Mumbai,Vashi New Mumbai,Onion,Other,FAQ,21/11/2024,3000,6000,4500,23
Maharashtra,Mumbai,Vashi New Mumbai,Onion,Other,Local,05/05/2025,800,1500,1150,23
Maharashtra,Mumbai,Vashi New Mumbai,Onion,Other,Local,13/05/2025,700,1500,1100,23
Maharashtra,Mumbai,Vashi New Mumbai,Onion,Other,Local,15/05/2025,700,1500,1100,23
Maharashtra,Mumbai,Vashi New Mumbai,Onion,Other,Local,22/05/2025,600,1400,1000,23
Maharashtra,Mumbai,Vashi New Mumbai,Onion,Other,Local,08/09/2025,1000,1600,1300,23
Maharashtra,Mumbai,Vashi New Mumbai,Onion,Other,Local,10/09/2025,1000,1600,1300,23
Maharashtra,Mumbai,Vashi New Mumbai,Onion,Other,Local,18/09/2025,900,1400,1150,23
Maharashtra,Mumbai,Vashi New Mumbai,Onion,Other,Local,23/09/2025,1000,1500,1250,23
Maharashtra,Mumbai,Vashi New Mumbai,Onion,Other,Local,30/09/2025,800,1300,1050,23
Maharashtra,Mumbai,Vashi New Mumbai,Onion,Other,Local,01/10/2025,900,1500,1200,23
Maharashtra,Mumbai,Vashi New Mumbai,Onion,Other,Local,03/11/2025,1000,2000,1500,23
Maharashtra,Mumbai,Vashi New Mumbai,Onion,Other,Local,04/10/2025,900,1400,1150,23
Maharashtra,Mumbai,Vashi New Mumbai,Onion,Other,Local,04/11/2025,800,2000,1400,23
Maharashtra,Mumbai,Vashi New Mumbai,Onion,Other,Local,24/10/2025,800,1800,1300,23
Maharashtra,Mumbai,Vashi New Mumbai,Onion,Other,Local,02/08/2025,1000,1800,1400,23
Maharashtra,Mumbai,Vashi New Mumbai,Onion,Other,Local,09/08/2025,1000,1700,1350,23
Maharashtra,Mumbai,Vashi New Mumbai,Onion,Other,Local,14/08/2025,1200,1900,1550,23
Maharashtra,Mumbai,Vashi New Mumbai,Onion,Other,Local,23/08/2025,1200,1800,1500,23
Maharashtra,Mumbai,Vashi New Mumbai,Onion,Other,Local,29/08/2025,1000,1600,1300,23
Maharashtra,Mumbai,Vashi New Mumbai,Onion,Other,Local,18/02/2025,1200,3300,2250,23
Maharashtra,Mumbai,Vashi New Mumbai,Onion,Other,Local,21/02/2025,1000,3000,2000,23
Maharashtra,Mumbai,Vashi New Mumbai,Onion,Other,Local,27/02/2025,1200,2800,2000,23
Maharashtra,Mumbai,Vashi New Mumbai,Onion,Other,FAQ,03/01/2025,500,3200,1850,23
Maharashtra,Mumbai,Vashi New Mumbai,Onion,Other,FAQ,07/01/2025,1000,3000,2000,23
Maharashtra,Mumbai,Vashi New Mumbai,Onion,Other,FAQ,10/01/2025,1000,2700,1850,23
Maharashtra,Mumbai,Vashi New Mumbai,Onion,Other,FAQ,18/01/2025,900,2700,1800,23
Maharashtra,Mumbai,Vashi New Mumbai,Onion,Other,Local,28/01/2025,1000,3000,2000,23
Maharashtra,Mumbai,Vashi New Mumbai,Onion,Other,FAQ,25/11/2024,2800,5800,4300,23
Maharashtra,Mumbai,Vashi New Mumbai,Onion,Other,Local,01/02/2025,1000,2800,1900,23
Maharashtra,Mumbai,Vashi New Mumbai,Onion,Other,Local,24/02/2025,1000,2800,1900,23
Maharashtra,Mumbai,Vashi New Mumbai,Onion,Other,FAQ,03/12/2024,1700,5200,3450,23
Maharashtra,Mumbai,Vashi New Mumbai,Onion,Other,FAQ,09/12/2024,1000,5000,3000,23
Maharashtra,Mumbai,Vashi New Mumbai,Onion,Other,FAQ,13/12/2024,800,4500,2650,23
Maharashtra,Mumbai,Vashi New Mumbai,Onion,Other,FAQ,18/12/2024,500,3900,2200,23
Maharashtra,Mumbai,Vashi New Mumbai,Onion,Other,FAQ,30/12/2024,800,3000,1900,23
Maharashtra,Mumbai,Vashi New Mumbai,Onion,Other,FAQ,31/12/2024,1000,3500,2250,23
Maharashtra,Mumbai,Vashi New Mumbai,Onion,Other,FAQ,24/10/2024,2000,4600,3300,23
Maharashtra,Mumbai,Vashi New Mumbai,Onion,Other,FAQ,01/08/2024,2400,2900,2650,23
Maharashtra,Mumbai,Vashi New Mumbai,Onion,Other,FAQ,05/08/2024,2400,3000,2700,23
Maharashtra,Mumbai,Vashi New Mumbai,Onion,Other,FAQ,22/08/2024,3300,4000,3650,23
Maharashtra,Mumbai,Vashi New Mumbai,Onion,Other,FAQ,23/08/2024,3400,4100,3750,23
Maharashtra,Mumbai,Vashi New Mumbai,Onion,Other,FAQ,03/08/2024,2400,3000,2700,23
Maharashtra,Mumbai,Vashi New Mumbai,Onion,Other,FAQ,12/08/2024,3000,3600,3300,23
Maharashtra,Mumbai,Vashi New Mumbai,Onion,Other,FAQ,29/08/2024,3400,4000,3700,23
Maharashtra,Mumbai,Vashi New Mumbai,Onion,Other,FAQ,30/08/2024,3200,3900,3550,23
Maharashtra,Mumbai,Vashi New Mumbai,Onion,Other,FAQ,26/10/2024,2000,4700,3350,23
Maharashtra,Mumbai,Vashi New Mumbai,Onion,Other,FAQ,23/10/2024,2300,4900,3600,23
Maharashtra,Mumbai,Vashi New Mumbai,Onion,Other,FAQ,03/01/2024,1600,2700,2150,23
Maharashtra,Mumbai,Vashi New Mumbai,Onion,Other,FAQ,05/01/2024,1500,2300,1900,23
Maharashtra,Mumbai,Vashi New Mumbai,Onion,Other,FAQ,06/01/2024,1400,2200,1800,23
Maharashtra,Mumbai,Vashi New Mumbai,Onion,Other,FAQ,09/01/2024,1500,2200,1850,23
Maharashtra,Mumbai,Vashi New Mumbai,Onion,Other,FAQ,11/01/2024,1500,2300,1900,23
Maharashtra,Mumbai,Vashi New Mumbai,Onion,Other,FAQ,13/01/2024,1400,2200,1800,23
Maharashtra,Mumbai,Vashi New Mumbai,Onion,Other,FAQ,23/01/2024,1500,2000,1750,23
Maharashtra,Mumbai,Vashi New Mumbai,Onion,Other,FAQ,02/02/2024,1000,1700,1350,23
Maharashtra,Mumbai,Vashi New Mumbai,Onion,Other,FAQ,03/02/2024,1000,1700,1350,23
Maharashtra,Mumbai,Vashi New Mumbai,Onion,Other,FAQ,07/02/2024,1000,1600,1300,23
Maharashtra,Mumbai,Vashi New Mumbai,Onion,Other,FAQ,13/02/2024,900,1700,1300,23
Maharashtra,Mumbai,Vashi New Mumbai,Onion,Other,FAQ,29/02/2024,1400,1900,1650,23
Maharashtra,Mumbai,Vashi New Mumbai,Onion,Other,FAQ,01/03/2024,1300,1800,1550,23
Maharashtra,Mumbai,Vashi New Mumbai,Onion,Other,FAQ,05/03/2024,1300,1900,1600,23
Maharashtra,Mumbai,Vashi New Mumbai,Onion,Other,FAQ,18/03/2024,1000,1500,1250,23
Maharashtra,Mumbai,Vashi New Mumbai,Onion,Other,FAQ,04/04/2024,1200,1700,1450,23
Maharashtra,Mumbai,Vashi New Mumbai,Onion,Other,FAQ,05/04/2024,1100,1600,1350,23
Maharashtra,Mumbai,Vashi New Mumbai,Onion,Other,FAQ,27/04/2024,1200,1700,1450,23
Maharashtra,Mumbai,Vashi New Mumbai,Onion,Other,FAQ,06/05/2024,1600,2400,2000,23
Maharashtra,Mumbai,Vashi New Mumbai,Onion,Other,FAQ,09/05/2024,1400,2000,1700,23
Maharashtra,Mumbai,Vashi New Mumbai,Onion,Other,FAQ,14/05/2024,1400,2000,1700,23
Maharashtra,Mumbai,Vashi New Mumbai,Onion,Other,FAQ,24/05/2024,1400,2000,1700,23
Maharashtra,Mumbai,Vashi New Mumbai,Onion,Other,FAQ,25/05/2024,1500,2100,1800,23
Maharashtra,Mumbai,Vashi New Mumbai,Onion,Other,FAQ,27/05/2024,1500,2200,1850,23
Maharashtra,Mumbai,Vashi New Mumbai,Onion,Other,FAQ,31/05/2024,1600,2400,2000,23
Maharashtra,Mumbai,Vashi New Mumbai,Onion,Other,FAQ,03/06/2024,1700,2500,2100,23
Maharashtra,Mumbai,Vashi New Mumbai,Onion,Other,FAQ,04/06/2024,1700,2600,2150,23
Maharashtra,Mumbai,Vashi New Mumbai,Onion,Other,FAQ,05/06/2024,1600,2500,2050,23
Maharashtra,Mumbai,Vashi New Mumbai,Onion,Other,FAQ,06/06/2024,1600,2600,2100,23
Maharashtra,Mumbai,Vashi New Mumbai,Onion,Other,FAQ,11/06/2024,2300,3000,2650,23
Maharashtra,Mumbai,Vashi New Mumbai,Onion,Other,FAQ,13/06/2024,2100,2900,2500,23
Maharashtra,Mumbai,Vashi New Mumbai,Onion,Other,FAQ,24/06/2024,2300,3000,2650,23
Maharashtra,Mumbai,Vashi New Mumbai,Onion,Other,FAQ,28/06/2024,2400,3100,2750,23
Maharashtra,Mumbai,Vashi New Mumbai,Onion,Other,FAQ,11/07/2024,2400,3100,2750,23
Maharashtra,Mumbai,Vashi New Mumbai,Onion,Other,FAQ,24/07/2024,2400,3000,2700,23
Maharashtra,Mumbai,Vashi New Mumbai,Onion,Other,FAQ,25/07/2024,2400,3000,2700,23
Maharashtra,Mumbai,Vashi New Mumbai,Onion,Other,FAQ,31/07/2024,2400,2900,2650,23
Maharashtra,Mumbai,Vashi New Mumbai,Onion,Other,Local,23/04/2025,800,1500,1150,23
Maharashtra,Mumbai,Vashi New Mumbai,Onion,Other,Local,26/04/2025,800,1500,1150,23
Maharashtra,Mumbai,Vashi New Mumbai,Onion,Other,FAQ,19/01/2023,1200,2000,1600,23
Maharashtra,Mumbai,Vashi New Mumbai,Onion,Other,FAQ,30/01/2023,1100,1700,1400,23
Maharashtra,Mumbai,Vashi New Mumbai,Onion,Other,FAQ,03/02/2023,900,1500,1200,23
Maharashtra,Mumbai,Vashi New Mumbai,Onion,Other,FAQ,09/02/2023,900,1400,1150,23
Maharashtra,Mumbai,Vashi New Mumbai,Onion,Other,FAQ,11/02/2023,900,1300,1100,23
Maharashtra,Mumbai,Vashi New Mumbai,Onion,Other,FAQ,20/02/2023,600,1300,950,23
Maharashtra,Mumbai,Vashi New Mumbai,Onion,Other,FAQ,27/02/2023,600,1200,900,23
Maharashtra,Mumbai,Vashi New Mumbai,Onion,Other,FAQ,03/03/2023,700,1300,1000,23
Maharashtra,Mumbai,Vashi New Mumbai,Onion,Other,FAQ,13/03/2023,700,1300,1000,23
Maharashtra,Mumbai,Vashi New Mumbai,Onion,Other,FAQ,16/03/2023,800,1300,1050,23
Maharashtra,Mumbai,Vashi New Mumbai,Onion,Other,FAQ,22/03/2023,800,1400,1100,23
Maharashtra,Mumbai,Vashi New Mumbai,Onion,Other,FAQ,24/03/2023,700,1300,1000,23
Maharashtra,Mumbai,Vashi New Mumbai,Onion,Other,FAQ,27/03/2023,700,1300,1000,23
Maharashtra,Mumbai,Vashi New Mumbai,Onion,Other,FAQ,03/04/2023,700,1200,950,23
Maharashtra,Mumbai,Vashi New Mumbai,Onion,Other,FAQ,05/04/2023,700,1100,900,23
Maharashtra,Mumbai,Vashi New Mumbai,Onion,Other,FAQ,06/04/2023,700,1100,900,23
Maharashtra,Mumbai,Vashi New Mumbai,Onion,Other,FAQ,08/04/2023,500,1100,800,23
Maharashtra,Mumbai,Vashi New Mumbai,Onion,Other,FAQ,13/04/2023,600,1000,800,23
Maharashtra,Mumbai,Vashi New Mumbai,Onion,Other,FAQ,15/04/2023,600,1000,800,23
Maharashtra,Mumbai,Vashi New Mumbai,Onion,Other,FAQ,12/05/2023,500,1000,750,23
Maharashtra,Mumbai,Vashi New Mumbai,Onion,Other,FAQ,16/05/2023,500,1100,800,23
Maharashtra,Mumbai,Vashi New Mumbai,Onion,Other,FAQ,20/05/2023,600,1200,900,23
Maharashtra,Mumbai,Vashi New Mumbai,Onion,Other,FAQ,25/05/2023,500,1100,800,23
Maharashtra,Mumbai,Vashi New Mumbai,Onion,Other,FAQ,03/06/2023,700,1400,1050,23
Maharashtra,Mumbai,Vashi New Mumbai,Onion,Other,FAQ,27/06/2023,700,1500,1100,23
Maharashtra,Mumbai,Vashi New Mumbai,Onion,Other,FAQ,11/07/2023,1000,1700,1350,23
Maharashtra,Mumbai,Vashi New Mumbai,Onion,Other,FAQ,13/07/2023,900,1600,1250,23
Maharashtra,Mumbai,Vashi New Mumbai,Onion,Other,FAQ,20/07/2023,1000,1700,1350,23
Maharashtra,Mumbai,Vashi New Mumbai,Onion,Other,FAQ,03/08/2023,1100,1800,1450,23
Maharashtra,Mumbai,Vashi New Mumbai,Onion,Other,FAQ,11/08/2023,1000,2100,1550,23
Maharashtra,Mumbai,Vashi New Mumbai,Onion,Other,FAQ,18/08/2023,900,2300,1600,23
Maharashtra,Mumbai,Vashi New Mumbai,Onion,Other,FAQ,02/09/2023,1100,2500,1800,23
Maharashtra,Mumbai,Vashi New Mumbai,Onion,Other,FAQ,20/09/2023,900,2400,1650,23
Maharashtra,Mumbai,Vashi New Mumbai,Onion,Other,FAQ,21/09/2023,1000,2400,1700,23
Maharashtra,Mumbai,Vashi New Mumbai,Onion,Other,FAQ,26/09/2023,1000,2500,1750,23
Maharashtra,Mumbai,Vashi New Mumbai,Onion,Other,FAQ,02/10/2023,1000,2500,1750,23
Maharashtra,Mumbai,Vashi New Mumbai,Onion,Other,FAQ,03/10/2023,1000,2400,1700,23
Maharashtra,Mumbai,Vashi New Mumbai,Onion,Other,FAQ,07/10/2023,1000,2500,1750,23
Maharashtra,Mumbai,Vashi New Mumbai,Onion,Other,FAQ,03/11/2023,2800,4600,3700,23
Maharashtra,Mumbai,Vashi New Mumbai,Onion,Other,FAQ,07/11/2023,2500,4000,3250,23
Maharashtra,Mumbai,Vashi New Mumbai,Onion,Other,FAQ,09/11/2023,2500,4500,3500,23
Maharashtra,Mumbai,Vashi New Mumbai,Onion,Other,FAQ,20/11/2023,2700,4400,3550,23
Maharashtra,Mumbai,Vashi New Mumbai,Onion,Other,FAQ,30/11/2023,2900,4500,3700,23
Maharashtra,Mumbai,Vashi New Mumbai,Onion,Other,FAQ,12/12/2023,2300,4000,3150,23
Maharashtra,Mumbai,Vashi New Mumbai,Onion,Other,FAQ,14/12/2023,1900,2900,2400,23
Maharashtra,Mumbai,Vashi New Mumbai,Onion,Other,FAQ,20/12/2023,1300,2700,2000,23
Maharashtra,Mumbai,Vashi New Mumbai,Onion,Other,FAQ,22/12/2023,1400,2400,1900,23
Maharashtra,Mumbai,Vashi New Mumbai,Onion,Other,FAQ,26/12/2023,1500,2500,2000,23
Maharashtra,Mumbai,Vashi New Mumbai,Onion,Other,FAQ,27/12/2023,1300,2200,1750,23
Maharashtra,Mumbai,Vashi New Mumbai,Onion,Other,Local,01/03/2025,1300,2800,2050,23
Maharashtra,Mumbai,Vashi New Mumbai,Onion,Other,Local,04/03/2025,1400,2800,2100,23
Maharashtra,Mumbai,Vashi New Mumbai,Onion,Other,Local,11/03/2025,1000,1900,1450,23
Maharashtra,Mumbai,Vashi New Mumbai,Onion,Other,Local,13/03/2025,900,1900,1400,23
Maharashtra,Mumbai,Vashi New Mumbai,Onion,Other,Local,01/11/2025,1000,2000,1500,23
Maharashtra,Mumbai,Vashi New Mumbai,Onion,Other,Local,07/10/2025,900,1400,1150,23
Maharashtra,Mumbai,Vashi New Mumbai,Onion,Other,Local,09/10/2025,900,1500,1200,23
Maharashtra,Mumbai,Vashi New Mumbai,Onion,Other,Local,10/10/2025,800,1700,1250,23
Maharashtra,Mumbai,Vashi New Mumbai,Onion,Other,Local,13/10/2025,700,1700,1200,23
Maharashtra,Mumbai,Vashi New Mumbai,Onion,Other,Local,17/10/2025,800,1800,1300,23
Maharashtra,Mumbai,Vashi New Mumbai,Onion,Other,Local,27/10/2025,1100,2000,1500,23
Maharashtra,Mumbai,Vashi New Mumbai,Onion,Other,Local,29/10/2025,1000,1900,1450,23
Maharashtra,Mumbai,Vashi New Mumbai,Onion,Other,Local,03/05/2025,700,1400,1050,23
Maharashtra,Mumbai,Vashi New Mumbai,Onion,Other,Local,08/05/2025,800,1500,1150,23
Maharashtra,Mumbai,Vashi New Mumbai,Onion,Other,Local,09/05/2025,700,1500,1100,23
Maharashtra,Mumbai,Vashi New Mumbai,Onion,Other,Local,16/05/2025,800,1600,1200,23
Maharashtra,Mumbai,Vashi New Mumbai,Onion,Other,Local,26/05/2025,1000,1800,1400,23
Maharashtra,Mumbai,Vashi New Mumbai,Onion,Other,Local,27/05/2025,1000,1700,1350,23
Maharashtra,Mumbai,Vashi New Mumbai,Onion,Other,Local,28/05/2025,900,1600,1250,23
Maharashtra,Mumbai,Vashi New Mumbai,Onion,Other,Local,02/06/2025,800,1700,1250,23
Maharashtra,Mumbai,Vashi New Mumbai,Onion,Other,Local,10/06/2025,900,1800,1350,23
Maharashtra,Mumbai,Vashi New Mumbai,Onion,Other,Local,18/06/2025,1000,1900,1450,23
Maharashtra,Mumbai,Vashi New Mumbai,Onion,Other,Local,20/06/2025,1100,2000,1550,23
Maharashtra,Mumbai,Vashi New Mumbai,Onion,Other,Local,25/06/2025,1000,1900,1450,23
Maharashtra,Mumbai,Vashi New Mumbai,Onion,Other,Local,26/06/2025,1000,1900,1450,23
Maharashtra,Mumbai,Vashi New Mumbai,Onion,Other,Local,01/07/2025,1000,1900,1450,23
Maharashtra,Mumbai,Vashi New Mumbai,Onion,Other,Local,02/07/2025,1000,1900,1450,23
Maharashtra,Mumbai,Vashi New Mumbai,Onion,Other,Local,07/07/2025,1100,1900,1500,23
Maharashtra,Mumbai,Vashi New Mumbai,Onion,Other,Local,09/07/2025,1100,1800,1450,23
Maharashtra,Mumbai,Vashi New Mumbai,Onion,Other,Local,18/07/2025,1000,1800,1400,23
Maharashtra,Mumbai,Vashi New Mumbai,Onion,Other,Local,19/07/2025,900,1700,1300,23
Maharashtra,Mumbai,Vashi New Mumbai,Onion,Other,Local,04/08/2025,900,1700,1300,23
Maharashtra,Mumbai,Vashi New Mumbai,Onion,Other,Local,06/08/2025,800,1500,1150,23
Maharashtra,Mumbai,Vashi New Mumbai,Onion,Other,Local,07/08/2025,900,1600,1250,23
Maharashtra,Mumbai,Vashi New Mumbai,Onion,Other,Local,11/08/2025,1000,1800,1400,23
Maharashtra,Mumbai,Vashi New Mumbai,Onion,Other,Local,13/08/2025,1200,1900,1550,23
Maharashtra,Mumbai,Vashi New Mumbai,Onion,Other,Local,18/08/2025,1100,1800,1450,23
Maharashtra,Mumbai,Vashi New Mumbai,Onion,Other,Local,20/08/2025,1100,1800,1450,23
Maharashtra,Mumbai,Vashi New Mumbai,Onion,Other,Local,03/09/2025,1100,1700,1400,23
Maharashtra,Mumbai,Vashi New Mumbai,Onion,Other,Local,09/09/2025,1100,1700,1400,23
Maharashtra,Mumbai,Vashi New Mumbai,Onion,Other,FAQ,20/01/2023,1300,2100,1700,23
Maharashtra,Mumbai,Vashi New Mumbai,Onion,Other,FAQ,27/01/2023,1100,2000,1550,23
Maharashtra,Mumbai,Vashi New Mumbai,Onion,Other,FAQ,13/02/2023,900,1300,1100,23
Maharashtra,Mumbai,Vashi New Mumbai,Onion,Other,FAQ,22/02/2023,700,13000,1000,23
Maharashtra,Mumbai,Vashi New Mumbai,Onion,Other,FAQ,23/02/2023,600,1200,900,23
Maharashtra,Mumbai,Vashi New Mumbai,Onion,Other,FAQ,09/03/2023,700,1400,1050,23
Maharashtra,Mumbai,Vashi New Mumbai,Onion,Other,FAQ,20/03/2023,700,1300,1000,23
Maharashtra,Mumbai,Vashi New Mumbai,Onion,Other,FAQ,25/03/2023,700,1400,1050,23
Maharashtra,Mumbai,Vashi New Mumbai,Onion,Other,FAQ,30/03/2023,600,1200,900,23
Maharashtra,Mumbai,Vashi New Mumbai,Onion,Other,FAQ,31/03/2023,600,1200,900,23
Maharashtra,Mumbai,Vashi New Mumbai,Onion,Other,FAQ,17/04/2023,600,1100,850,23
Maharashtra,Mumbai,Vashi New Mumbai,Onion,Other,FAQ,18/04/2023,600,1100,850,23
Maharashtra,Mumbai,Vashi New Mumbai,Onion,Other,FAQ,19/04/2023,600,1000,800,23
Maharashtra,Mumbai,Vashi New Mumbai,Onion,Other,FAQ,20/04/2023,600,1100,850,23
Maharashtra,Mumbai,Vashi New Mumbai,Onion,Other,FAQ,24/04/2023,500,1000,750,23
Maharashtra,Mumbai,Vashi New Mumbai,Onion,Other,FAQ,27/04/2023,500,1000,750,23
Maharashtra,Mumbai,Vashi New Mumbai,Onion,Other,FAQ,03/05/2023,500,1100,800,23
Maharashtra,Mumbai,Vashi New Mumbai,Onion,Other,FAQ,04/05/2023,500,1100,800,23
Maharashtra,Mumbai,Vashi New Mumbai,Onion,Other,FAQ,13/05/2023,500,1000,750,23
Maharashtra,Mumbai,Vashi New Mumbai,Onion,Other,FAQ,23/05/2023,600,1100,850,23
Maharashtra,Mumbai,Vashi New Mumbai,Onion,Other,FAQ,29/05/2023,400,1100,750,23
Maharashtra,Mumbai,Vashi New Mumbai,Onion,Other,FAQ,09/06/2023,700,1500,1100,23
Maharashtra,Mumbai,Vashi New Mumbai,Onion,Other,FAQ,14/06/2023,700,1400,1050,23
Maharashtra,Mumbai,Vashi New Mumbai,Onion,Other,FAQ,19/06/2023,700,1500,1100,23
Maharashtra,Mumbai,Vashi New Mumbai,Onion,Other,FAQ,20/06/2023,800,1600,1200,23
Maharashtra,Mumbai,Vashi New Mumbai,Onion,Other,FAQ,21/06/2023,700,1500,1100,23
Maharashtra,Mumbai,Vashi New Mumbai,Onion,Other,FAQ,22/06/2023,700,1500,1100,23
Maharashtra,Mumbai,Vashi New Mumbai,Onion,Other,FAQ,23/06/2023,700,1400,1050,23
Maharashtra,Mumbai,Vashi New Mumbai,Onion,Other,FAQ,24/06/2023,700,1400,1050,23
Maharashtra,Mumbai,Vashi New Mumbai,Onion,Other,FAQ,07/07/2023,1100,1700,1400,23
Maharashtra,Mumbai,Vashi New Mumbai,Onion,Other,FAQ,12/07/2023,900,1700,1300,23
Maharashtra,Mumbai,Vashi New Mumbai,Onion,Other,FAQ,15/07/2023,900,1600,1250,23
Maharashtra,Mumbai,Vashi New Mumbai,Onion,Other,FAQ,27/07/2023,1000,1700,1350,23
Maharashtra,Mumbai,Vashi New Mumbai,Onion,Other,FAQ,29/07/2023,1000,1700,1350,23
Maharashtra,Mumbai,Vashi New Mumbai,Onion,Other,FAQ,31/07/2023,1000,1700,1350,23
Maharashtra,Mumbai,Vashi New Mumbai,Onion,Other,FAQ,05/08/2023,1100,1800,1450,23
Maharashtra,Mumbai,Vashi New Mumbai,Onion,Other,FAQ,08/08/2023,800,2000,1400,23
Maharashtra,Mumbai,Vashi New Mumbai,Onion,Other,FAQ,16/08/2023,1000,2400,1700,23
Maharashtra,Mumbai,Vashi New Mumbai,Onion,Other,FAQ,31/08/2023,900,2200,1550,23
Maharashtra,Mumbai,Vashi New Mumbai,Onion,Other,FAQ,05/09/2023,1000,2500,1750,23
Maharashtra,Mumbai,Vashi New Mumbai,Onion,Other,FAQ,06/09/2023,1000,2400,1700,23
Maharashtra,Mumbai,Vashi New Mumbai,Onion,Other,FAQ,08/09/2023,900,2500,1700,23
Maharashtra,Mumbai,Vashi New Mumbai,Onion,Other,FAQ,12/09/2023,1000,2300,1650,23
Maharashtra,Mumbai,Vashi New Mumbai,Onion,Other,FAQ,16/09/2023,800,2300,1550,23
Maharashtra,Mumbai,Vashi New Mumbai,Onion,Other,FAQ,22/09/2023,1000,2400,1700,23
Maharashtra,Mumbai,Vashi New Mumbai,Onion,Other,FAQ,27/09/2023,1000,2500,1750,23
Maharashtra,Mumbai,Vashi New Mumbai,Onion,Other,FAQ,05/10/2023,1000,2400,1700,23
Maharashtra,Mumbai,Vashi New Mumbai,Onion,Other,FAQ,14/10/2023,1200,2800,2000,23
Maharashtra,Mumbai,Vashi New Mumbai,Onion,Other,FAQ,20/10/2023,1500,3600,2550,23
Maharashtra,Mumbai,Vashi New Mumbai,Onion,Other,FAQ,23/10/2023,1700,3800,2750,23
Maharashtra,Mumbai,Vashi New Mumbai,Onion,Other,FAQ,24/10/2023,1900,4200,3050,23
Maharashtra,Mumbai,Vashi New Mumbai,Onion,Other,FAQ,26/10/2023,2600,5000,3800,23
Maharashtra,Mumbai,Vashi New Mumbai,Onion,Other,FAQ,30/10/2023,3000,5200,4100,23
Maharashtra,Mumbai,Vashi New Mumbai,Onion,Other,FAQ,08/11/2023,2700,4400,3550,23
Maharashtra,Mumbai,Vashi New Mumbai,Onion,Other,FAQ,17/11/2023,2500,4500,3500,23
Maharashtra,Mumbai,Vashi New Mumbai,Onion,Other,FAQ,18/11/2023,2700,4500,3600,23
Maharashtra,Mumbai,Vashi New Mumbai,Onion,Other,FAQ,21/11/2023,2800,4200,3500,23
Maharashtra,Mumbai,Vashi New Mumbai,Onion,Other,FAQ,24/11/2023,2800,4000,3400,23
Maharashtra,Mumbai,Vashi New Mumbai,Onion,Other,FAQ,27/11/2023,2900,4000,3450,23
Maharashtra,Mumbai,Vashi New Mumbai,Onion,Other,FAQ,28/11/2023,3000,4600,3800,23
Maharashtra,Mumbai,Vashi New Mumbai,Onion,Other,FAQ,29/11/2023,2800,4600,3700,23
Maharashtra,Mumbai,Vashi New Mumbai,Onion,Other,FAQ,05/12/2023,2800,4700,3750,23
Maharashtra,Mumbai,Vashi New Mumbai,Onion,Other,FAQ,06/12/2023,3000,4600,3800,23
Maharashtra,Mumbai,Vashi New Mumbai,Onion,Other,FAQ,11/12/2023,2500,4500,3500,23
Maharashtra,Mumbai,Vashi New Mumbai,Onion,Other,FAQ,15/12/2023,1600,2900,2250,23
Maharashtra,Mumbai,Vashi New Mumbai,Onion,Other,FAQ,16/12/2023,1300,2900,2100,23
Maharashtra,Mumbai,Vashi New Mumbai,Onion,Other,FAQ,28/12/2023,1300,2000,1650,23
Maharashtra,Mumbai,Vashi New Mumbai,Onion,Other,FAQ,15/10/2024,2200,4400,3300,23
Maharashtra,Mumbai,Vashi New Mumbai,Onion,Other,FAQ,17/10/2024,2000,4500,3250,23
Maharashtra,Mumbai,Vashi New Mumbai,Onion,Other,FAQ,01/10/2024,3400,4400,3900,23
Maharashtra,Mumbai,Vashi New Mumbai,Onion,Other,FAQ,09/10/2024,2500,4700,3600,23
Maharashtra,Mumbai,Vashi New Mumbai,Onion,Other,FAQ,25/10/2024,2000,4600,3300,23
Maharashtra,Mumbai,Vashi New Mumbai,Onion,Other,FAQ,14/10/2024,2700,4600,3650,23
Maharashtra,Mumbai,Vashi New Mumbai,Onion,Other,FAQ,02/10/2024,3500,4500,4000,23
Maharashtra,Mumbai,Vashi New Mumbai,Onion,Other,FAQ,11/10/2024,2800,4500,3650,23
Maharashtra,Mumbai,Vashi New Mumbai,Onion,Other,FAQ,30/11/2024,1500,5000,3250,23
Maharashtra,Mumbai,Vashi New Mumbai,Onion,Other,FAQ,14/11/2024,2500,5700,4100,23
Maharashtra,Mumbai,Vashi New Mumbai,Onion,Other,FAQ,02/05/2024,1100,1600,1350,23
Maharashtra,Mumbai,Vashi New Mumbai,Onion,Other,FAQ,15/05/2024,1300,1900,1600,23
Maharashtra,Mumbai,Vashi New Mumbai,Onion,Other,FAQ,16/05/2024,1400,2000,1700,23
Maharashtra,Mumbai,Vashi New Mumbai,Onion,Other,FAQ,22/05/2024,1500,2100,1800,23
Maharashtra,Mumbai,Vashi New Mumbai,Onion,Other,FAQ,28/05/2024,1500,2300,1900,23
Maharashtra,Mumbai,Vashi New Mumbai,Onion,Other,FAQ,29/05/2024,1500,2400,1950,23
Maharashtra,Mumbai,Vashi New Mumbai,Onion,Other,FAQ,01/01/2024,1500,2400,1950,23
Maharashtra,Mumbai,Vashi New Mumbai,Onion,Other,FAQ,10/01/2024,1600,2400,2000,23
Maharashtra,Mumbai,Vashi New Mumbai,Onion,Other,FAQ,12/01/2024,1400,2200,1800,23
Maharashtra,Mumbai,Vashi New Mumbai,Onion,Other,FAQ,29/01/2024,900,1400,1150,23
Maharashtra,Mumbai,Vashi New Mumbai,Onion,Other,FAQ,08/02/2024,1100,1700,1400,23
Maharashtra,Mumbai,Vashi New Mumbai,Onion,Other,FAQ,12/02/2024,900,1600,1250,23
Maharashtra,Mumbai,Vashi New Mumbai,Onion,Other,FAQ,21/02/2024,1500,2000,1750,23
Maharashtra,Mumbai,Vashi New Mumbai,Onion,Other,FAQ,23/02/2024,1400,2000,1700,23
Maharashtra,Mumbai,Vashi New Mumbai,Onion,Other,FAQ,26/02/2024,1600,2300,1950,23
Maharashtra,Mumbai,Vashi New Mumbai,Onion,Other,FAQ,02/03/2024,1200,1700,1450,23
Maharashtra,Mumbai,Vashi New Mumbai,Onion,Other,FAQ,04/03/2024,1200,1900,1550,23
Maharashtra,Mumbai,Vashi New Mumbai,Onion,Other,FAQ,11/03/2024,1300,1800,1550,23
Maharashtra,Mumbai,Vashi New Mumbai,Onion,Other,FAQ,26/03/2024,1100,1600,1350,23
Maharashtra,Mumbai,Vashi New Mumbai,Onion,Other,FAQ,28/03/2024,1200,1700,1450,23
Maharashtra,Mumbai,Vashi New Mumbai,Onion,Other,FAQ,07/06/2024,2000,2900,2450,23
Maharashtra,Mumbai,Vashi New Mumbai,Onion,Other,FAQ,10/06/2024,2400,3200,2800,23
Maharashtra,Mumbai,Vashi New Mumbai,Onion,Other,FAQ,19/06/2024,2500,3300,2900,23
Maharashtra,Mumbai,Vashi New Mumbai,Onion,Other,FAQ,26/06/2024,2400,3100,2750,23
Maharashtra,Mumbai,Vashi New Mumbai,Onion,Other,FAQ,29/06/2024,2400,3100,2750,23
Maharashtra,Mumbai,Vashi New Mumbai,Onion,Other,FAQ,03/07/2024,2400,3000,2700,23
Maharashtra,Mumbai,Vashi New Mumbai,Onion,Other,FAQ,08/07/2024,2400,3000,2700,23
Maharashtra,Mumbai,Vashi New Mumbai,Onion,Other,FAQ,22/07/2024,2400,3000,2700,23
Maharashtra,Mumbai,Vashi New Mumbai,Onion,Other,FAQ,13/01/2025,800,2600,1700,23
Maharashtra,Mumbai,Vashi New Mumbai,Onion,Other,FAQ,20/01/2025,1000,2900,1950,23
Maharashtra,Mumbai,Vashi New Mumbai,Onion,Other,Local,30/01/2025,1100,3000,2050,23
Maharashtra,Mumbai,Vashi New Mumbai,Onion,Other,FAQ,07/12/2024,1000,5000,3000,23
Maharashtra,Mumbai,Vashi New Mumbai,Onion,Other,FAQ,10/12/2024,1000,5100,3050,23
Maharashtra,Mumbai,Vashi New Mumbai,Onion,Other,Local,04/04/2025,900,1700,1300,23
Maharashtra,Mumbai,Vashi New Mumbai,Onion,Other,Local,05/04/2025,900,1600,1250,23
Maharashtra,Mumbai,Vashi New Mumbai,Onion,Other,Local,11/04/2025,800,1500,1120,23
Maharashtra,Mumbai,Vashi New Mumbai,Onion,Other,Local,21/04/2025,800,1500,1150,23
Maharashtra,Mumbai,Vashi New Mumbai,Onion,Other,Local,22/04/2025,800,1500,1150,23
Maharashtra,Mumbai,Vashi New Mumbai,Onion,Other,Local,28/04/2025,800,1500,1150,23
Maharashtra,Mumbai,Vashi New Mumbai,Onion,Other,Local,02/05/2025,700,1400,1050,23
Maharashtra,Mumbai,Vashi New Mumbai,Onion,Other,Local,06/05/2025,800,1600,1200,23
Maharashtra,Mumbai,Vashi New Mumbai,Onion,Other,Local,17/05/2025,800,1700,1250,23
Maharashtra,Mumbai,Vashi New Mumbai,Onion,Other,Local,21/05/2025,700,1400,1050,23
Maharashtra,Mumbai,Vashi New Mumbai,Onion,Other,FAQ,09/08/2024,2500,3100,2800,23
Maharashtra,Mumbai,Vashi New Mumbai,Onion,Other,FAQ,10/08/2024,2800,3300,3050,23
Maharashtra,Mumbai,Vashi New Mumbai,Onion,Other,FAQ,14/08/2024,2900,3500,3200,23
Maharashtra,Mumbai,Vashi New Mumbai,Onion,Other,FAQ,21/08/2024,2900,3600,3250,23
Maharashtra,Mumbai,Vashi New Mumbai,Onion,Other,FAQ,12/09/2024,3500,4200,3850,23
Maharashtra,Mumbai,Vashi New Mumbai,Onion,Other,FAQ,13/09/2024,3600,4300,3950,23
Maharashtra,Mumbai,Vashi New Mumbai,Onion,Other,FAQ,18/09/2024,4000,4800,4400,23
Maharashtra,Mumbai,Vashi New Mumbai,Onion,Other,FAQ,19/09/2024,4000,4800,4400,23
Maharashtra,Mumbai,Vashi New Mumbai,Onion,Other,FAQ,24/09/2024,4200,5200,4700,23
Maharashtra,Mumbai,Vashi New Mumbai,Onion,Other,FAQ,26/09/2024,4000,4800,4400,23
Maharashtra,Mumbai,Vashi New Mumbai,Onion,Other,Local,07/02/2025,1300,3000,2150,23
Maharashtra,Mumbai,Vashi New Mumbai,Onion,Other,Local,12/03/2025,1000,2000,1500,23
Maharashtra,Mumbai,Vashi New Mumbai,Onion,Other,Local,20/03/2025,900,1800,1350,23
Maharashtra,Mumbai,Vashi New Mumbai,Onion,Other,Local,22/03/2025,800,1600,1200,23
Maharashtra,Mumbai,Vashi New Mumbai,Onion,Other,Local,26/03/2025,1000,1900,1450,23
Maharashtra,Mumbai,Vashi New Mumbai,Onion,Other,Local,08/03/2025,1200,2400,1800,23
Maharashtra,Mumbai,Vashi New Mumbai,Onion,Other,Local,18/03/2025,1000,2000,1500,23
Maharashtra,Mumbai,Vashi New Mumbai,Onion,Other,Local,05/07/2025,1100,1900,1500,23
Maharashtra,Mumbai,Vashi New Mumbai,Onion,Other,Local,08/07/2025,1200,2000,1600,23
Maharashtra,Mumbai,Vashi New Mumbai,Onion,Other,Local,28/07/2025,900,1700,1300,23
Maharashtra,Mumbai,Vashi New Mumbai,Onion,Other,Local,31/07/2025,900,1700,1300,23
Maharashtra,Mumbai,Vashi New Mumbai,Onion,Other,Local,06/06/2025,900,1800,1350,23
Maharashtra,Mumbai,Vashi New Mumbai,Onion,Other,Local,16/06/2025,1000,2000,1500,23
Maharashtra,Mumbai,Vashi New Mumbai,Onion,Other,Local,17/06/2025,1000,2100,1550,23
Maharashtra,Mumbai,Vashi New Mumbai,Onion,Other,Local,21/06/2025,1000,1900,1450,23
Maharashtra,Mumbai,Vashi New Mumbai,Onion,Other,Local,04/09/2025,1000,1600,1300,23
Maharashtra,Mumbai,Vashi New Mumbai,Onion,Other,Local,16/09/2025,900,1400,1150,23
Maharashtra,Mumbai,Vashi New Mumbai,Onion,Other,Local,20/09/2025,1000,1500,1250,23
Maharashtra,Mumbai,Vashi New Mumbai,Onion,Other,Local,27/09/2025,800,1300,1050,23
Maharashtra,Mumbai,Vashi New Mumbai,Onion,Other,Local,05/08/2025,800,1600,1200,23
Maharashtra,Mumbai,Vashi New Mumbai,Onion,Other,Local,19/08/2025,1000,1700,1350,23
Maharashtra,Mumbai,Vashi New Mumbai,Onion,Other,Local,11/10/2025,700,1700,1200,23
Maharashtra,Mumbai,Vashi New Mumbai,Onion,Other,Local,16/10/2025,700,1700,1200,23
Maharashtra,Mumbai,Vashi New Mumbai,Onion,Other,Local,25/10/2025,900,1800,1350,23
Maharashtra,Mumbai,Vashi New Mumbai,Onion,Other,Local,30/10/2025,1000,1800,1400,23
Maharashtra,Mumbai,Vashi New Mumbai,Onion,Other,FAQ,05/12/2024,2000,5000,3500,23
Maharashtra,Mumbai,Vashi New Mumbai,Onion,Other,FAQ,06/12/2024,1500,5000,3250,23
Maharashtra,Mumbai,Vashi New Mumbai,Onion,Other,FAQ,14/12/2024,500,4300,2400,23
Maharashtra,Mumbai,Vashi New Mumbai,Onion,Other,FAQ,24/12/2024,500,2900,1700,23
Maharashtra,Mumbai,Vashi New Mumbai,Onion,Other,FAQ,01/06/2024,1700,2500,2100,23
Maharashtra,Mumbai,Vashi New Mumbai,Onion,Other,FAQ,27/06/2024,2500,3200,2850,23
Maharashtra,Mumbai,Vashi New Mumbai,Onion,Other,FAQ,01/07/2024,2400,3200,2800,23
Maharashtra,Mumbai,Vashi New Mumbai,Onion,Other,FAQ,15/07/2024,2400,3100,2750,23
Maharashtra,Mumbai,Vashi New Mumbai,Onion,Other,FAQ,19/07/2024,2300,2900,2600,23
Maharashtra,Mumbai,Vashi New Mumbai,Onion,Other,FAQ,23/07/2024,2300,2900,2600,23
Maharashtra,Mumbai,Vashi New Mumbai,Onion,Other,FAQ,26/07/2024,2400,2900,2650,23
Maharashtra,Mumbai,Vashi New Mumbai,Onion,Other,FAQ,27/07/2024,2500,3000,2750,23
Maharashtra,Mumbai,Vashi New Mumbai,Onion,Other,FAQ,04/01/2024,1600,2600,2100,23
Maharashtra,Mumbai,Vashi New Mumbai,Onion,Other,FAQ,27/01/2024,1300,1800,1550,23
Maharashtra,Mumbai,Vashi New Mumbai,Onion,Other,FAQ,31/01/2024,900,1400,1150,23
Maharashtra,Mumbai,Vashi New Mumbai,Onion,Other,FAQ,01/02/2024,900,1500,1200,23
Maharashtra,Mumbai,Vashi New Mumbai,Onion,Other,FAQ,06/02/2024,1100,1800,1450,23
Maharashtra,Mumbai,Vashi New Mumbai,Onion,Other,FAQ,10/02/2024,1000,1700,1350,23
Maharashtra,Mumbai,Vashi New Mumbai,Onion,Other,FAQ,14/02/2024,900,1600,1250,23
Maharashtra,Mumbai,Vashi New Mumbai,Onion,Other,FAQ,12/03/2024,1200,1800,1500,23
Maharashtra,Mumbai,Vashi New Mumbai,Onion,Other,FAQ,14/03/2024,1200,1800,1500,23
Maharashtra,Mumbai,Vashi New Mumbai,Onion,Other,FAQ,21/03/2024,1000,1500,1250,23
Maharashtra,Mumbai,Vashi New Mumbai,Onion,Other,FAQ,22/03/2024,1100,1600,1350,23
Maharashtra,Mumbai,Vashi New Mumbai,Onion,Other,FAQ,27/03/2024,1200,1700,1450,23
Maharashtra,Mumbai,Vashi New Mumbai,Onion,Other,FAQ,01/04/2024,1300,1800,1550,23
Maharashtra,Mumbai,Vashi New Mumbai,Onion,Other,FAQ,02/04/2024,1300,1800,1550,23
Maharashtra,Mumbai,Vashi New Mumbai,Onion,Other,FAQ,03/04/2024,1200,1700,1450,23
Maharashtra,Mumbai,Vashi New Mumbai,Onion,Other,FAQ,06/04/2024,1100,1600,1350,23
Maharashtra,Mumbai,Vashi New Mumbai,Onion,Other,FAQ,19/04/2024,1100,1500,1300,23
Maharashtra,Mumbai,Vashi New Mumbai,Onion,Other,FAQ,22/04/2024,1100,1600,1350,23
Maharashtra,Mumbai,Vashi New Mumbai,Onion,Other,FAQ,25/04/2024,1200,1700,1450,23
Maharashtra,Mumbai,Vashi New Mumbai,Onion,Other,FAQ,26/04/2024,1200,1700,1450,23
Maharashtra,Mumbai,Vashi New Mumbai,Onion,Other,FAQ,29/04/2024,1100,1600,1350,23
Maharashtra,Mumbai,Vashi New Mumbai,Onion,Other,FAQ,30/04/2024,1200,1700,1450,23
Maharashtra,Mumbai,Vashi New Mumbai,Onion,Other,FAQ,04/11/2024,2000,5400,3700,23
Maharashtra,Mumbai,Vashi New Mumbai,Onion,Other,FAQ,11/11/2024,3000,6000,4500,23
Maharashtra,Mumbai,Vashi New Mumbai,Onion,Other,FAQ,13/11/2024,3000,5900,4450,23
Maharashtra,Mumbai,Vashi New Mumbai,Onion,Other,FAQ,08/11/2024,3500,6200,4850,23
Maharashtra,Mumbai,Vashi New Mumbai,Onion,Other,FAQ,09/11/2024,3000,6300,4650,23
Maharashtra,Mumbai,Vashi New Mumbai,Onion,Other,FAQ,02/01/2023,1400,2400,1900,23
Maharashtra,Mumbai,Vashi New Mumbai,Onion,Other,FAQ,11/01/2023,1400,2200,1800,23
Maharashtra,Mumbai,Vashi New Mumbai,Onion,Other,FAQ,12/01/2023,1300,2100,1700,23
Maharashtra,Mumbai,Vashi New Mumbai,Onion,Other,FAQ,23/01/2023,1200,2200,1700,23
Maharashtra,Mumbai,Vashi New Mumbai,Onion,Other,FAQ,24/01/2023,1300,2100,1700,23
Maharashtra,Mumbai,Vashi New Mumbai,Onion,Other,FAQ,28/01/2023,1100,1700,1400,23
Maharashtra,Mumbai,Vashi New Mumbai,Onion,Other,FAQ,31/01/2023,1100,1700,1400,23
Maharashtra,Mumbai,Vashi New Mumbai,Onion,Other,FAQ,02/02/2023,1000,1600,1300,23
Maharashtra,Mumbai,Vashi New Mumbai,Onion,Other,FAQ,04/02/2023,900,1400,1150,23
Maharashtra,Mumbai,Vashi New Mumbai,Onion,Other,FAQ,14/02/2023,900,1400,1150,23
Maharashtra,Mumbai,Vashi New Mumbai,Onion,Other,FAQ,25/02/2023,600,1200,900,23
Maharashtra,Mumbai,Vashi New Mumbai,Onion,Other,FAQ,17/03/2023,800,1300,1050,23
Maharashtra,Mumbai,Vashi New Mumbai,Onion,Other,FAQ,28/03/2023,800,1300,1050,23
Maharashtra,Mumbai,Vashi New Mumbai,Onion,Other,FAQ,29/03/2023,700,1200,950,23
Maharashtra,Mumbai,Vashi New Mumbai,Onion,Other,FAQ,01/04/2023,600,1200,900,23
Maharashtra,Mumbai,Vashi New Mumbai,Onion,Other,FAQ,04/04/2023,700,1100,900,23
Maharashtra,Mumbai,Vashi New Mumbai,Onion,Other,FAQ,26/04/2023,600,1000,800,23
Maharashtra,Mumbai,Vashi New Mumbai,Onion,Other,FAQ,28/04/2023,500,1000,750,23
Maharashtra,Mumbai,Vashi New Mumbai,Onion,Other,FAQ,02/05/2023,500,1000,750,23
Maharashtra,Mumbai,Vashi New Mumbai,Onion,Other,FAQ,08/05/2023,500,1100,800,23
Maharashtra,Mumbai,Vashi New Mumbai,Onion,Other,FAQ,09/05/2023,500,1100,800,23
Maharashtra,Mumbai,Vashi New Mumbai,Onion,Other,FAQ,11/05/2023,500,1000,750,23
Maharashtra,Mumbai,Vashi New Mumbai,Onion,Other,FAQ,15/05/2023,500,1000,750,23
Maharashtra,Mumbai,Vashi New Mumbai,Onion,Other,FAQ,22/05/2023,600,1100,850,23
Maharashtra,Mumbai,Vashi New Mumbai,Onion,Other,FAQ,26/05/2023,400,1100,750,23
Maharashtra,Mumbai,Vashi New Mumbai,Onion,Other,FAQ,31/05/2023,400,1200,800,23
Maharashtra,Mumbai,Vashi New Mumbai,Onion,Other,FAQ,02/06/2023,500,1300,900,23
Maharashtra,Mumbai,Vashi New Mumbai,Onion,Other,FAQ,05/06/2023,500,1400,950,23
Maharashtra,Mumbai,Vashi New Mumbai,Onion,Other,FAQ,06/06/2023,600,1400,1000,23
Maharashtra,Mumbai,Vashi New Mumbai,Onion,Other,FAQ,07/06/2023,800,1500,1150,23
Maharashtra,Mumbai,Vashi New Mumbai,Onion,Other,FAQ,16/06/2023,700,1400,1050,23
Maharashtra,Mumbai,Vashi New Mumbai,Onion,Other,FAQ,17/06/2023,700,1400,1050,23
Maharashtra,Mumbai,Vashi New Mumbai,Onion,Other,FAQ,26/06/2023,800,1500,1150,23
Maharashtra,Mumbai,Vashi New Mumbai,Onion,Other,FAQ,29/06/2023,900,1700,1300,23
Maharashtra,Mumbai,Vashi New Mumbai,Onion,Other,FAQ,04/07/2023,1000,1800,1400,23
Maharashtra,Mumbai,Vashi New Mumbai,Onion,Other,FAQ,05/07/2023,1000,1700,1350,23
Maharashtra,Mumbai,Vashi New Mumbai,Onion,Other,FAQ,10/07/2023,1000,1700,1350,23
Maharashtra,Mumbai,Vashi New Mumbai,Onion,Other,FAQ,14/07/2023,900,1600,1250,23
Maharashtra,Mumbai,Vashi New Mumbai,Onion,Other,FAQ,21/07/2023,1000,1800,1400,23
Maharashtra,Mumbai,Vashi New Mumbai,Onion,Other,FAQ,22/07/2023,1000,1800,1400,23
Maharashtra,Mumbai,Vashi New Mumbai,Onion,Other,FAQ,01/08/2023,1100,1700,1400,23
Maharashtra,Mumbai,Vashi New Mumbai,Onion,Other,FAQ,09/08/2023,800,1900,1350,23
Maharashtra,Mumbai,Vashi New Mumbai,Onion,Other,FAQ,10/08/2023,800,1800,1300,23
Maharashtra,Mumbai,Vashi New Mumbai,Onion,Other,FAQ,22/08/2023,900,2400,1650,23
Maharashtra,Mumbai,Vashi New Mumbai,Onion,Other,FAQ,23/08/2023,1000,2400,1700,23
Maharashtra,Mumbai,Vashi New Mumbai,Onion,Other,FAQ,25/08/2023,1000,2500,1750,23
Maharashtra,Mumbai,Vashi New Mumbai,Onion,Other,FAQ,13/09/2023,900,2200,1550,23
Maharashtra,Mumbai,Vashi New Mumbai,Onion,Other,FAQ,14/09/2023,1000,2300,1650,23
Maharashtra,Mumbai,Vashi New Mumbai,Onion,Other,FAQ,15/09/2023,900,2400,1650,23
Maharashtra,Mumbai,Vashi New Mumbai,Onion,Other,FAQ,10/10/2023,1100,2600,1850,23
Maharashtra,Mumbai,Vashi New Mumbai,Onion,Other,FAQ,17/10/2023,1500,3100,2300,23
Maharashtra,Mumbai,Vashi New Mumbai,Onion,Other,FAQ,01/11/2023,2800,5200,4000,23
Maharashtra,Mumbai,Vashi New Mumbai,Onion,Other,FAQ,10/11/2023,2500,4500,3500,23
Maharashtra,Mumbai,Vashi New Mumbai,Onion,Other,FAQ,11/11/2023,2500,5000,3750,23
Maharashtra,Mumbai,Vashi New Mumbai,Onion,Other,FAQ,15/11/2023,2800,4700,3750,23
Maharashtra,Mumbai,Vashi New Mumbai,Onion,Other,FAQ,16/11/2023,2600,4500,3550,23
Maharashtra,Mumbai,Vashi New Mumbai,Onion,Other,FAQ,23/11/2023,2800,3800,3300,23
Maharashtra,Mumbai,Vashi New Mumbai,Onion,Other,FAQ,02/12/2023,2900,4700,3800,23
Maharashtra,Mumbai,Vashi New Mumbai,Onion,Other,FAQ,08/12/2023,2700,4300,3500,23
Maharashtra,Mumbai,Vashi New Mumbai,Onion,Other,FAQ,09/12/2023,2800,4600,3700,23
Maharashtra,Mumbai,Vashi New Mumbai,Onion,Other,FAQ,13/12/2023,2300,3600,2950,23
Maharashtra,Mumbai,Vashi New Mumbai,Onion,Other,FAQ,29/12/2023,1200,1900,1550,23
Maharashtra,Mumbai,Vashi New Mumbai,Onion,Other,FAQ,30/12/2023,1200,2000,1600,23
Maharashtra,Mumbai,Vashi New Mumbai,Onion,Other,FAQ,02/08/2024,2400,2900,2650,23
Maharashtra,Mumbai,Vashi New Mumbai,Onion,Other,FAQ,24/08/2024,3400,4000,3700,23
Maharashtra,Mumbai,Vashi New Mumbai,Onion,Other,FAQ,28/08/2024,3300,4000,3650,23
Maharashtra,Mumbai,Vashi New Mumbai,Onion,Other,FAQ,31/08/2024,3200,3900,3550,23
Maharashtra,Mumbai,Vashi New Mumbai,Onion,Other,FAQ,04/10/2024,2500,4800,3650,23
Maharashtra,Mumbai,Vashi New Mumbai,Onion,Other,FAQ,03/10/2024,3500,4500,4000,23
Maharashtra,Mumbai,Vashi New Mumbai,Onion,Other,FAQ,18/10/2024,2000,4600,3300,23
Maharashtra,Mumbai,Vashi New Mumbai,Onion,Other,FAQ,21/10/2024,2000,4700,3350,23
Maharashtra,Mumbai,Vashi New Mumbai,Onion,Other,FAQ,05/10/2024,2500,4900,3700,23
Maharashtra,Mumbai,Vashi New Mumbai,Onion,Other,FAQ,07/10/2024,2500,4700,3600,23
Maharashtra,Mumbai,Vashi New Mumbai,Onion,Other,FAQ,11/05/2024,1400,2000,1700,23
Maharashtra,Mumbai,Vashi New Mumbai,Onion,Other,FAQ,23/05/2024,1300,1900,1600,23
Maharashtra,Mumbai,Vashi New Mumbai,Onion,Other,FAQ,30/05/2024,1600,2400,2000,23
Maharashtra,Mumbai,Vashi New Mumbai,Onion,Other,FAQ,05/09/2024,3500,4300,3900,23
Maharashtra,Mumbai,Vashi New Mumbai,Onion,Other,FAQ,14/09/2024,3800,4700,4250,23
Maharashtra,Mumbai,Vashi New Mumbai,Onion,Other,FAQ,30/09/2024,3600,4500,4050,23
Maharashtra,Mumbai,Vashi New Mumbai,Onion,Other,Local,04/02/2025,1200,2900,2050,23
Maharashtra,Mumbai,Vashi New Mumbai,Onion,Other,Local,17/02/2025,1300,3400,2350,23
Maharashtra,Mumbai,Vashi New Mumbai,Onion,Other,Local,25/02/2025,1100,2700,1900,23
Maharashtra,Mumbai,Vashi New Mumbai,Onion,Other,Local,28/02/2025,1200,2800,2000,23
Maharashtra,Mumbai,Vashi New Mumbai,Onion,Other,Local,02/04/2025,1000,1800,1400,23
Maharashtra,Mumbai,Vashi New Mumbai,Onion,Other,Local,07/04/2025,900,1600,1250,23
Maharashtra,Mumbai,Vashi New Mumbai,Onion,Other,Local,14/04/2025,800,1500,1150,23
Maharashtra,Mumbai,Vashi New Mumbai,Onion,Other,Local,16/04/2025,700,1400,1050,23
Maharashtra,Mumbai,Vashi New Mumbai,Onion,Other,Local,07/05/2025,800,1500,1150,23
Maharashtra,Mumbai,Vashi New Mumbai,Onion,Other,Local,19/05/2025,700,1600,1150,23
Maharashtra,Mumbai,Vashi New Mumbai,Onion,Other,Local,20/05/2025,700,1500,1100,23
Maharashtra,Mumbai,Vashi New Mumbai,Onion,Other,Local,31/05/2025,800,1700,1250,23
Maharashtra,Mumbai,Vashi New Mumbai,Onion,Other,Local,28/10/2025,1100,2000,1550,23
Maharashtra,Mumbai,Vashi New Mumbai,Onion,Other,Local,27/03/2025,1000,1900,1450,23
Maharashtra,Mumbai,Vashi New Mumbai,Onion,Other,Local,05/03/2025,1300,2700,2000,23
Maharashtra,Mumbai,Vashi New Mumbai,Onion,Other,Local,06/03/2025,1200,2600,1900,23
Maharashtra,Mumbai,Vashi New Mumbai,Onion,Other,Local,21/03/2025,900,1700,1300,23
Maharashtra,Mumbai,Vashi New Mumbai,Onion,Other,FAQ,08/01/2025,1000,3000,2000,23
Maharashtra,Mumbai,Vashi New Mumbai,Onion,Other,FAQ,11/01/2025,800,2500,1650,23
Maharashtra,Mumbai,Vashi New Mumbai,Onion,Other,FAQ,14/01/2025,800,2800,1800,23
Maharashtra,Mumbai,Vashi New Mumbai,Onion,Other,FAQ,17/01/2025,1000,2800,1900,23
Maharashtra,Mumbai,Vashi New Mumbai,Onion,Other,FAQ,21/01/2025,1100,3100,2100,23
Maharashtra,Mumbai,Vashi New Mumbai,Onion,Other,Local,01/08/2025,900,1700,1300,23
Maharashtra,Mumbai,Vashi New Mumbai,Onion,Other,Local,12/08/2025,1000,1700,1350,23
Maharashtra,Mumbai,Vashi New Mumbai,Onion,Other,Local,21/08/2025,1200,1800,1500,23
Maharashtra,Mumbai,Vashi New Mumbai,Onion,Other,Local,25/08/2025,1100,1700,1400,23
Maharashtra,Mumbai,Vashi New Mumbai,Onion,Other,Local,26/08/2025,1100,1700,1400,23
Maharashtra,Mumbai,Vashi New Mumbai,Onion,Other,Local,05/06/2025,800,1700,1250,23
Maharashtra,Mumbai,Vashi New Mumbai,Onion,Other,Local,09/06/2025,800,1700,1250,23
Maharashtra,Mumbai,Vashi New Mumbai,Onion,Other,Local,13/06/2025,1000,2000,1500,23
Maharashtra,Mumbai,Vashi New Mumbai,Onion,Other,Local,28/06/2025,1100,2000,1550,23
Maharashtra,Mumbai,Vashi New Mumbai,Onion,Other,Local,30/06/2025,1000,1900,1450,23
Maharashtra,Mumbai,Vashi New Mumbai,Onion,Other,Local,10/07/2025,1100,1800,1450,23
Maharashtra,Mumbai,Vashi New Mumbai,Onion,Other,Local,21/07/2025,1000,1700,1350,23
Maharashtra,Mumbai,Vashi New Mumbai,Onion,Other,Local,02/09/2025,1100,1700,1400,23
Maharashtra,Mumbai,Vashi New Mumbai,Onion,Other,Local,12/09/2025,900,1300,1100,23
Maharashtra,Mumbai,Vashi New Mumbai,Onion,Other,Local,15/09/2025,900,1300,1100,23
Maharashtra,Mumbai,Vashi New Mumbai,Onion,Other,Local,17/09/2025,800,1300,1050,23
Maharashtra,Mumbai,Vashi New Mumbai,Onion,Other,Local,08/10/2025,900,1400,1150,23
Maharashtra,Mumbai,Vashi New Mumbai,Onion,Other,Local,31/10/2025,1000,1800,1400,23
Maharashtra,Mumbai,Vashi New Mumbai,Onion,Other,FAQ,17/01/2023,1300,2200,1750,23
Maharashtra,Mumbai,Vashi New Mumbai,Onion,Other,FAQ,21/01/2023,1300,2000,1650,23
Maharashtra,Mumbai,Vashi New Mumbai,Onion,Other,FAQ,06/02/2023,900,1500,1200,23
Maharashtra,Mumbai,Vashi New Mumbai,Onion,Other,FAQ,08/02/2023,900,1500,1200,23
Maharashtra,Mumbai,Vashi New Mumbai,Onion,Other,FAQ,15/02/2023,800,1300,1050,23
Maharashtra,Mumbai,Vashi New Mumbai,Onion,Other,FAQ,21/02/2023,700,1300,1000,23
Maharashtra,Mumbai,Vashi New Mumbai,Onion,Other,FAQ,24/02/2023,600,1300,950,23
Maharashtra,Mumbai,Vashi New Mumbai,Onion,Other,FAQ,02/03/2023,700,1300,1000,23
Maharashtra,Mumbai,Vashi New Mumbai,Onion,Other,FAQ,04/03/2023,700,1300,1000,23
Maharashtra,Mumbai,Vashi New Mumbai,Onion,Other,FAQ,08/03/2023,600,1300,950,23
Maharashtra,Mumbai,Vashi New Mumbai,Onion,Other,FAQ,10/03/2023,700,1300,1000,23
Maharashtra,Mumbai,Vashi New Mumbai,Onion,Other,FAQ,14/03/2023,800,1300,1050,23
Maharashtra,Mumbai,Vashi New Mumbai,Onion,Other,FAQ,21/03/2023,800,1400,1100,23
Maharashtra,Mumbai,Vashi New Mumbai,Onion,Other,FAQ,10/04/2023,500,1100,800,23
Maharashtra,Mumbai,Vashi New Mumbai,Onion,Other,FAQ,12/04/2023,600,1000,800,23
Maharashtra,Mumbai,Vashi New Mumbai,Onion,Other,FAQ,25/04/2023,500,1100,800,23
Maharashtra,Mumbai,Vashi New Mumbai,Onion,Other,FAQ,10/05/2023,500,1400,750,23
Maharashtra,Mumbai,Vashi New Mumbai,Onion,Other,FAQ,17/05/2023,400,1100,750,23
Maharashtra,Mumbai,Vashi New Mumbai,Onion,Other,FAQ,19/05/2023,500,1100,800,23
Maharashtra,Mumbai,Vashi New Mumbai,Onion,Other,FAQ,27/05/2023,400,1100,750,23
Maharashtra,Mumbai,Vashi New Mumbai,Onion,Other,FAQ,12/06/2023,500,1300,900,23
Maharashtra,Mumbai,Vashi New Mumbai,Onion,Other,FAQ,01/07/2023,900,1700,1300,23
Maharashtra,Mumbai,Vashi New Mumbai,Onion,Other,FAQ,18/07/2023,1200,1900,1550,23
Maharashtra,Mumbai,Vashi New Mumbai,Onion,Other,FAQ,19/07/2023,1100,1800,1450,23
Maharashtra,Mumbai,Vashi New Mumbai,Onion,Other,FAQ,24/07/2023,1000,1700,1350,23
Maharashtra,Mumbai,Vashi New Mumbai,Onion,Other,FAQ,25/07/2023,1100,1800,1450,23
Maharashtra,Mumbai,Vashi New Mumbai,Onion,Other,FAQ,28/07/2023,1000,1700,1350,23
Maharashtra,Mumbai,Vashi New Mumbai,Onion,Other,FAQ,21/08/2023,800,2200,1500,23
Maharashtra,Mumbai,Vashi New Mumbai,Onion,Other,FAQ,24/08/2023,1000,2500,1750,23
Maharashtra,Mumbai,Vashi New Mumbai,Onion,Other,FAQ,29/08/2023,1000,2300,1650,23
Maharashtra,Mumbai,Vashi New Mumbai,Onion,Other,FAQ,04/09/2023,1000,2500,1750,23
Maharashtra,Mumbai,Vashi New Mumbai,Onion,Other,FAQ,18/09/2023,800,2400,1600,23
Maharashtra,Mumbai,Vashi New Mumbai,Onion,Other,FAQ,19/09/2023,800,2300,1550,23
Maharashtra,Mumbai,Vashi New Mumbai,Onion,Other,FAQ,23/09/2023,1000,25000,1750,23
Maharashtra,Mumbai,Vashi New Mumbai,Onion,Other,FAQ,09/10/2023,1000,2500,1750,23
Maharashtra,Mumbai,Vashi New Mumbai,Onion,Other,FAQ,13/10/2023,1100,2700,1900,23
Maharashtra,Mumbai,Vashi New Mumbai,Onion,Other,FAQ,16/10/2023,1400,2800,2100,23
Maharashtra,Mumbai,Vashi New Mumbai,Onion,Other,FAQ,18/10/2023,1600,3500,2550,23
Maharashtra,Mumbai,Vashi New Mumbai,Onion,Other,FAQ,19/10/2023,1600,3600,2600,23
Maharashtra,Mumbai,Vashi New Mumbai,Onion,Other,FAQ,21/10/2023,1600,3700,2650,23
Maharashtra,Mumbai,Vashi New Mumbai,Onion,Other,FAQ,25/10/2023,2400,4500,3450,23
Maharashtra,Mumbai,Vashi New Mumbai,Onion,Other,FAQ,28/10/2023,3200,5500,4350,23
Maharashtra,Mumbai,Vashi New Mumbai,Onion,Other,FAQ,02/11/2023,2800,4800,3800,23
Maharashtra,Mumbai,Vashi New Mumbai,Onion,Other,FAQ,06/11/2023,2600,4100,3350,23
Maharashtra,Mumbai,Vashi New Mumbai,Onion,Other,FAQ,07/12/2023,2800,4700,3750,23
Maharashtra,Mumbai,Vashi New Mumbai,Onion,Other,FAQ,18/12/2023,1300,2900,2100,23
Maharashtra,Mumbai,Vashi New Mumbai,Onion,Other,FAQ,19/12/2023,1300,2500,1900,23
Maharashtra,Mumbai,Vashi New Mumbai,Onion,Other,FAQ,21/12/2023,1400,2400,1900,23
Maharashtra,Mumbai,Vashi New Mumbai,Onion,Other,FAQ,25/12/2023,1400,2200,1800,23
Maharashtra,Mumbai,Vashi New Mumbai,Onion,Other,FAQ,02/01/2024,1800,2800,2300,23
Maharashtra,Mumbai,Vashi New Mumbai,Onion,Other,FAQ,08/01/2024,1500,2300,1900,23
Maharashtra,Mumbai,Vashi New Mumbai,Onion,Other,FAQ,15/01/2024,1400,2200,1800,23
Maharashtra,Mumbai,Vashi New Mumbai,Onion,Other,FAQ,16/01/2024,1500,2300,1900,23
Maharashtra,Mumbai,Vashi New Mumbai,Onion,Other,FAQ,19/01/2024,1400,2100,1750,23
Maharashtra,Mumbai,Vashi New Mumbai,Onion,Other,FAQ,09/02/2024,1000,1700,1350,23
Maharashtra,Mumbai,Vashi New Mumbai,Onion,Other,FAQ,15/02/2024,1000,1700,1350,23
Maharashtra,Mumbai,Vashi New Mumbai,Onion,Other,FAQ,24/02/2024,1500,2100,1800,23
Maharashtra,Mumbai,Vashi New Mumbai,Onion,Other,FAQ,27/02/2024,1700,2300,2000,23
Maharashtra,Mumbai,Vashi New Mumbai,Onion,Other,FAQ,06/03/2024,1100,1700,1400,23
Maharashtra,Mumbai,Vashi New Mumbai,Onion,Other,FAQ,13/03/2024,1200,1700,1450,23
Maharashtra,Mumbai,Vashi New Mumbai,Onion,Other,FAQ,20/03/2024,1000,1500,1250,23
Maharashtra,Mumbai,Vashi New Mumbai,Onion,Other,FAQ,30/03/2024,1200,1700,1450,23
Maharashtra,Mumbai,Vashi New Mumbai,Onion,Other,FAQ,15/04/2024,1100,1600,1350,23
Maharashtra,Mumbai,Vashi New Mumbai,Onion,Other,FAQ,24/04/2024,1100,1600,1350,23
Maharashtra,Mumbai,Vashi New Mumbai,Onion,Other,FAQ,03/05/2024,1300,1900,1600,23
Maharashtra,Mumbai,Vashi New Mumbai,Onion,Other,FAQ,04/05/2024,1400,2000,1700,23
Maharashtra,Mumbai,Vashi New Mumbai,Onion,Other,FAQ,10/05/2024,1400,2000,1700,23
Maharashtra,Mumbai,Vashi New Mumbai,Onion,Other,FAQ,21/05/2024,1400,2000,1700,23
Maharashtra,Mumbai,Vashi New Mumbai,Onion,Other,FAQ,01/01/2025,1000,3200,2100,23
Maharashtra,Mumbai,Vashi New Mumbai,Onion,Other,FAQ,02/01/2025,500,3200,1850,23
Maharashtra,Mumbai,Vashi New Mumbai,Onion,Other,FAQ,04/01/2025,500,3200,1850,23
Maharashtra,Mumbai,Vashi New Mumbai,Onion,Other,FAQ,06/01/2025,500,3000,1750,23
Maharashtra,Mumbai,Vashi New Mumbai,Onion,Other,FAQ,15/01/2025,900,2700,1800,23
Maharashtra,Mumbai,Vashi New Mumbai,Onion,Other,FAQ,16/01/2025,1000,2800,1900,23
Maharashtra,Mumbai,Vashi New Mumbai,Onion,Other,FAQ,22/01/2025,1200,3200,2200,23
Maharashtra,Mumbai,Vashi New Mumbai,Onion,Other,FAQ,24/01/2025,1000,3000,2000,23
Maharashtra,Mumbai,Vashi New Mumbai,Onion,Other,Local,27/01/2025,1000,31000,2050,23
Maharashtra,Mumbai,Vashi New Mumbai,Onion,Other,Local,29/01/2025,1100,2900,2000,23
Maharashtra,Mumbai,Vashi New Mumbai,Onion,Other,Local,31/01/2025,1000,2800,1900,23
Maharashtra,Mumbai,Vashi New Mumbai,Onion,Other,Local,14/02/2025,1300,3400,2350,23
Maharashtra,Mumbai,Vashi New Mumbai,Onion,Other,Local,15/02/2025,1500,3600,2550,23
Maharashtra,Mumbai,Vashi New Mumbai,Onion,Other,Local,20/02/2025,1000,3100,2050,23
Maharashtra,Mumbai,Vashi New Mumbai,Onion,Other,Local,22/02/2025,1000,2800,1900,23
Maharashtra,Mumbai,Vashi New Mumbai,Onion,Other,FAQ,28/10/2024,2000,4600,3300,23
Maharashtra,Mumbai,Vashi New Mumbai,Onion,Other,FAQ,30/10/2024,1800,4800,3300,23
Maharashtra,Mumbai,Vashi New Mumbai,Onion,Other,FAQ,10/10/2024,3000,4700,3850,23
Maharashtra,Mumbai,Vashi New Mumbai,Onion,Other,Local,19/03/2025,900,1900,1400,23
Maharashtra,Mumbai,Vashi New Mumbai,Onion,Other,Local,25/03/2025,1000,1900,1450,23
Maharashtra,Mumbai,Vashi New Mumbai,Onion,Other,Local,17/03/2025,900,1900,1400,23
Maharashtra,Mumbai,Vashi New Mumbai,Onion,Other,Local,03/06/2025,700,1600,1150,23
Maharashtra,Mumbai,Vashi New Mumbai,Onion,Other,Local,19/06/2025,1000,2000,1500,23
Maharashtra,Mumbai,Vashi New Mumbai,Onion,Other,Local,27/06/2025,1000,1900,1450,23
Maharashtra,Mumbai,Vashi New Mumbai,Onion,Other,Local,03/07/2025,1000,1900,1450,23
Maharashtra,Mumbai,Vashi New Mumbai,Onion,Other,Local,04/07/2025,1100,1900,1500,23
Maharashtra,Mumbai,Vashi New Mumbai,Onion,Other,Local,11/07/2025,1200,1900,1550,23
Maharashtra,Mumbai,Vashi New Mumbai,Onion,Other,Local,15/07/2025,1100,1800,1450,23
Maharashtra,Mumbai,Vashi New Mumbai,Onion,Other,Local,16/07/2025,1000,1700,1350,23
Maharashtra,Mumbai,Vashi New Mumbai,Onion,Other,Local,22/07/2025,1000,1800,1400,23
Maharashtra,Mumbai,Vashi New Mumbai,Onion,Other,Local,24/07/2025,1000,1800,1400,23
Maharashtra,Mumbai,Vashi New Mumbai,Onion,Other,Local,26/07/2025,900,1700,1300,23
Maharashtra,Mumbai,Vashi New Mumbai,Onion,Other,Local,29/07/2025,900,1700,1300,23
Maharashtra,Mumbai,Vashi New Mumbai,Onion,Other,Local,12/05/2025,700,1400,1050,23
Maharashtra,Mumbai,Vashi New Mumbai,Onion,Other,Local,23/05/2025,700,1500,1100,23
Maharashtra,Mumbai,Vashi New Mumbai,Onion,Other,Local,24/05/2025,700,1500,1100,23
Maharashtra,Mumbai,Vashi New Mumbai,Onion,Other,Local,29/05/2025,900,1800,1350,23
Maharashtra,Mumbai,Vashi New Mumbai,Onion,Other,Local,30/05/2025,800,1750,1250,23
Maharashtra,Mumbai,Vashi New Mumbai,Onion,Other,Local,10/04/2025,900,1600,1250,23
Maharashtra,Mumbai,Vashi New Mumbai,Onion,Other,Local,24/04/2025,700,1500,1100,23
Maharashtra,Mumbai,Vashi New Mumbai,Onion,Other,Local,25/04/2025,700,1400,1050,23
Maharashtra,Mumbai,Vashi New Mumbai,Onion,Other,FAQ,12/12/2024,1000,4800,2900,23
Maharashtra,Mumbai,Vashi New Mumbai,Onion,Other,FAQ,16/12/2024,300,3000,1650,23
Maharashtra,Mumbai,Vashi New Mumbai,Onion,Other,FAQ,17/12/2024,500,3900,2200,23
Maharashtra,Mumbai,Vashi New Mumbai,Onion,Other,FAQ,21/12/2024,500,2700,1600,23
Maharashtra,Mumbai,Vashi New Mumbai,Onion,Other,FAQ,23/12/2024,500,2900,1700,23
Maharashtra,Mumbai,Vashi New Mumbai,Onion,Other,FAQ,27/12/2024,800,2800,1800,23
Maharashtra,Mumbai,Vashi New Mumbai,Onion,Other,FAQ,28/12/2024,800,2800,1800,23
Maharashtra,Mumbai,Vashi New Mumbai,Onion,Other,FAQ,05/11/2024,2500,5700,4100,23
Maharashtra,Mumbai,Vashi New Mumbai,Onion,Other,FAQ,16/11/2024,2300,5700,4000,23
Maharashtra,Mumbai,Vashi New Mumbai,Onion,Other,FAQ,22/11/2024,3000,6200,4600,23
Maharashtra,Mumbai,Vashi New Mumbai,Onion,Other,FAQ,27/11/2024,2700,5700,4200,23
Maharashtra,Mumbai,Vashi New Mumbai,Onion,Other,FAQ,10/07/2024,2300,3000,2650,23
Maharashtra,Mumbai,Vashi New Mumbai,Onion,Other,FAQ,18/07/2024,2400,3000,2700,23
Maharashtra,Mumbai,Vashi New Mumbai,Onion,Other,FAQ,29/07/2024,2400,2900,2650,23
Maharashtra,Mumbai,Vashi New Mumbai,Onion,Other,FAQ,30/07/2024,2400,2900,2650,23
Maharashtra,Mumbai,Vashi New Mumbai,Onion,Other,FAQ,06/08/2024,2400,2900,2650,23
Maharashtra,Mumbai,Vashi New Mumbai,Onion,Other,FAQ,07/08/2024,2500,3100,2800,23
Maharashtra,Mumbai,Vashi New Mumbai,Onion,Other,FAQ,08/08/2024,2600,3200,2900,23
Maharashtra,Mumbai,Vashi New Mumbai,Onion,Other,FAQ,16/08/2024,2800,3400,3100,23
Maharashtra,Mumbai,Vashi New Mumbai,Onion,Other,FAQ,20/08/2024,2800,3500,3150,23
Maharashtra,Mumbai,Vashi New Mumbai,Onion,Other,FAQ,02/09/2024,3200,4000,3600,23
Maharashtra,Mumbai,Vashi New Mumbai,Onion,Other,FAQ,16/09/2024,4100,5000,4550,23
Maharashtra,Mumbai,Vashi New Mumbai,Onion,Other,FAQ,21/09/2024,4000,5000,4500,23
Maharashtra,Mumbai,Vashi New Mumbai,Onion,Other,FAQ,27/09/2024,4000,4900,4450,23
Maharashtra,Mumbai,Vashi New Mumbai,Onion,Other,Local,22/08/2025,1100,1700,1400,23
Maharashtra,Mumbai,Vashi New Mumbai,Onion,Other,Local,28/08/2025,1000,1600,1300,23
Maharashtra,Mumbai,Vashi New Mumbai,Onion,Other,Local,30/08/2025,1000,1600,1300,23
Maharashtra,Mumbai,Vashi New Mumbai,Onion,Other,Local,01/09/2025,1000,1600,1300,23
Maharashtra,Mumbai,Vashi New Mumbai,Onion,Other,Local,11/09/2025,900,1400,1150,23
Maharashtra,Mumbai,Vashi New Mumbai,Onion,Other,Local,13/09/2025,900,1300,1100,23
Maharashtra,Mumbai,Vashi New Mumbai,Onion,Other,Local,19/09/2025,900,1300,1100,23
Maharashtra,Mumbai,Vashi New Mumbai,Onion,Other,Local,22/09/2025,900,1400,1150,23
Maharashtra,Mumbai,Vashi New Mumbai,Onion,Other,Local,24/09/2025,900,1400,1150,23
Maharashtra,Mumbai,Vashi New Mumbai,Onion,Other,Local,26/09/2025,800,1300,1050,23
Maharashtra,Mumbai,Vashi New Mumbai,Onion,Other,Local,29/09/2025,800,1400,1100,23
Maharashtra,Mumbai,Vashi New Mumbai,Onion,Other,Local,03/10/2025,900,1400,1150,23
Maharashtra,Mumbai,Vashi New Mumbai,Onion,Other,Local,06/10/2025,900,1500,1200,23
Maharashtra,Mumbai,Vashi New Mumbai,Onion,Other,Local,14/10/2025,700,1700,1200,23
Maharashtra,Mumbai,Vashi New Mumbai,Onion,Other,Local,15/10/2025,700,1600,1150,23
Maharashtra,Mumbai,Vashi New Mumbai APMC,Onion,Other,Local,24/12/2025,1000,2500,1750,23
Maharashtra,Mumbai,Vashi New Mumbai APMC,Onion,Other,Local,30/12/2025,1000,2600,1800,23
Maharashtra,Mumbai,Vashi New Mumbai APMC,Onion,Other,Local,09/12/2025,700,2000,1350,23
Maharashtra,Mumbai,Vashi New Mumbai APMC,Onion,Other,Local,16/12/2025,1000,3000,2000,23
Maharashtra,Mumbai,Vashi New Mumbai APMC,Onion,Other,Local,19/11/2025,700,1900,1300,23
Maharashtra,Mumbai,Vashi New Mumbai APMC,Onion,Other,Local,25/11/2025,700,2000,1350,23
Maharashtra,Mumbai,Vashi New Mumbai APMC,Onion,Other,Local,10/11/2025,700,1900,1300,23
Maharashtra,Mumbai,Vashi New Mumbai APMC,Onion,Other,Local,01/12/2025,600,2000,1300,23
Maharashtra,Mumbai,Vashi New Mumbai APMC,Onion,Other,Local,03/12/2025,500,1900,1200,23
Maharashtra,Mumbai,Vashi New Mumbai APMC,Onion,Other,Local,04/12/2025,500,1900,1200,23
Maharashtra,Mumbai,Vashi New Mumbai APMC,Onion,Other,Local,12/12/2025,900,2700,1800,23
Maharashtra,Mumbai,Vashi New Mumbai APMC,Onion,Other,Local,19/12/2025,1000,2800,1900,23
Maharashtra,Mumbai,Vashi New Mumbai APMC,Onion,Other,Local,29/12/2025,900,2500,1700,23
Maharashtra,Mumbai,Vashi New Mumbai APMC,Onion,Other,Local,26/11/2025,800,2100,1450,23
Maharashtra,Mumbai,Vashi New Mumbai APMC,Onion,Other,Local,28/11/2025,600,1900,1250,23
Maharashtra,Mumbai,Vashi New Mumbai APMC,Onion,Other,Local,11/11/2025,800,2000,1400,23
Maharashtra,Mumbai,Vashi New Mumbai APMC,Onion,Other,Local,26/12/2025,1000,2700,1850,23
Maharashtra,Mumbai,Vashi New Mumbai APMC,Onion,Other,Local,02/12/2025,500,1900,1200,23
Maharashtra,Mumbai,Vashi New Mumbai APMC,Onion,Other,Local,05/12/2025,500,1800,1150,23
Maharashtra,Mumbai,Vashi New Mumbai APMC,Onion,Other,Local,31/12/2025,900,2500,1700,23
Maharashtra,Mumbai,Vashi New Mumbai APMC,Onion,Other,Local,25/12/2025,900,2600,1750,23
Maharashtra,Mumbai,Vashi New Mumbai APMC,Onion,Other,Local,08/12/2025,700,2000,1350,23
Maharashtra,Mumbai,Vashi New Mumbai APMC,Onion,Other,Local,10/12/2025,800,2000,1400,23
Maharashtra,Mumbai,Vashi New Mumbai APMC,Onion,Other,Local,15/12/2025,1000,3000,2000,23
Maharashtra,Mumbai,Vashi New Mumbai APMC,Onion,Other,Local,17/12/2025,1300,3000,2150,23
Maharashtra,Mumbai,Vashi New Mumbai APMC,Onion,Other,Local,18/12/2025,1200,3000,2100,23
Maharashtra,Mumbai,Vashi New Mumbai APMC,Onion,Other,Local,22/12/2025,1000,2400,1700,23
Maharashtra,Mumbai,Vashi New Mumbai APMC,Onion,Other,Local,23/12/2025,1000,2400,1700,23
Maharashtra,Mumbai,Vashi New Mumbai APMC,Onion,Other,Local,07/11/2025,700,1900,1300,23
Maharashtra,Mumbai,Vashi New Mumbai APMC,Onion,Other,Local,14/11/2025,800,2000,1400,23
Maharashtra,Mumbai,Vashi New Mumbai APMC,Onion,Other,Local,20/11/2025,700,2000,1350,23
Maharashtra,Mumbai,Vashi New Mumbai APMC,Onion,Other,Local,21/11/2025,500,2000,1250,23
Maharashtra,Mumbai,Vashi New Mumbai APMC,Onion,Other,Local,27/11/2025,700,2000,1350,23
Maharashtra,Mumbai,Vashi New Mumbai APMC,Onion,Other,Local,04/11/2025,800,2000,1400,23
Maharashtra,Mumbai,Vashi New Mumbai APMC,Onion,Other,Local,13/11/2025,700,1900,1300,23
Maharashtra,Mumbai,Vashi New Mumbai APMC,Onion,Other,Local,01/11/2025,1000,2000,1500,23
Maharashtra,Mumbai,Vashi New Mumbai APMC,Onion,Other,Local,03/11/2025,1000,2000,1500,23
Maharashtra,Mumbai,Vashi New Mumbai APMC,Onion,Other,Local,17/11/2025,700,2000,1350,23
Maharashtra,Mumbai,Vashi New Mumbai APMC,Onion,Other,Local,24/11/2025,700,1900,1300,23
Maharashtra,Mumbai,Vashi New Mumbai APMC,Onion,Other,Local,12/11/2025,700,1900,1300,23
